property_id,property_name,unit_type,average_square_footage,average_advertised_rent,total_scheduled_rent,units,excluded_unit_count,rentable_unit_count,occupied_count,started_new_count,started_renewal_count,started_count,started_percent,partially_completed_new_count,partially_completed_renewal_count,partially_completed_count,partially_completed_percent,completed_new_count,completed_renewal_count,completed_count,completed_percent,approved_new_count,approved_renewal_count,approved_count,approved_percent,preleased_new_count,preleased_renewal_count,preleased_count,preleased_percent,variance,available_count,number_of_bedrooms,number_of_bathrooms
739076,1008 S. 4th,B1,316,1000,8055,8,0,8,8,0,0,0,0,0,0,0,0,0,0,0,0,5,3,8,1,5,3,8,1,0.125,0,NA,NA
739076,1008 S. 4th,B2,315,1000,8200,8,0,8,8,0,0,0,0,1,0,1,0.125,0,0,0,0,7,0,7,0.875,8,0,8,1,0.25,0,NA,NA
739076,1008 S. 4th,B3,377,1161.3636363636363,12805,10,0,10,9,0,0,0,0,1,0,1,0.1,0,0,0,0,5,5,10,1,6,5,11,1.1,0.10000000000000009,0,NA,NA
739076,1008 S. 4th,B4,462,1140,2375,2,0,2,2,0,0,0,0,0,0,0,0,0,0,0,0,2,0,2,1,2,0,2,1,0,0,NA,NA
739076,1008 S. 4th,B5,464,1150,2395,2,0,2,2,0,0,0,0,0,0,0,0,0,0,0,0,2,0,2,1,2,0,2,1,0,0,NA,NA
739076,1008 S. 4th,C1,328,937.5,11285,12,0,12,12,0,0,0,0,0,0,0,0,0,0,0,0,3,9,12,1,3,9,12,1,0,0,NA,NA
739076,1008 S. 4th,D1,276,858.3333333333334,13045,16,0,16,16,0,0,0,0,0,0,0,0,0,0,0,0,10,5,15,0.9375,10,5,15,0.9375,-0.0625,1,NA,NA
739076,1008 S. 4th,D1 Balcony,276,880,14000,16,0,16,16,0,0,0,0,0,0,0,0,0,0,0,0,12,4,16,1,12,4,16,1,0.125,0,NA,NA
739076,1008 S. 4th,D2,306,899.2708333333334,44495,48,0,48,48,0,0,0,0,1,0,1,0.020833333333333332,1,0,1,0.020833333333333332,25,21,46,0.9583333333333334,27,21,48,1,0.04166666666666663,0,NA,NA
739076,1008 S. 4th,D3 Balcony,345,983.75,12075,12,0,12,10,0,0,0,0,0,0,0,0,0,0,0,0,12,0,12,1,12,0,12,1,0.16666666666666663,0,NA,NA
739076,1008 S. 4th,M1 Murphy,321,1210,4835,4,0,4,4,0,0,0,0,0,0,0,0,0,0,0,0,2,2,4,1,2,2,4,1,0.25,0,NA,NA
739076,1008 S. 4th,M1 Murphy Balcony,319,1244.090909090909,13710,12,0,12,12,0,0,0,0,0,0,0,0,0,0,0,0,7,4,11,0.9166666666666666,7,4,11,0.9166666666666666,-0.08333333333333337,1,NA,NA
739076,1008 S. 4th,S1,432,1306.25,5415,4,0,4,4,0,0,0,0,0,0,0,0,0,0,0,0,3,1,4,1,3,1,4,1,0,0,NA,NA
739076,1008 S. 4th,S2,406,1021.25,5520,4,0,4,4,0,0,0,0,0,0,0,0,0,0,0,0,3,1,4,1,3,1,4,1,0,0,NA,NA
739085,1047 Commonwealth Avenue,Not Selected,0,0,0,0,0,0,0,0,0,0,0,0,0,0,0,0,0,0,0,0,0,0,0,0,0,0,0,0,0,NA,NA
739085,1047 Commonwealth Avenue,S1,308.16,2895,14250,25,0,25,24,0,1,1,0.04,0,0,0,0,0,0,0,0,0,4,4,0.16,0,5,5,0.2,-0.32,20,NA,1
739085,1047 Commonwealth Avenue,S2,317.5,2950,5830,12,0,12,11,0,0,0,0,0,0,0,0,0,0,0,0,0,2,2,0.16666666666666666,0,2,2,0.16666666666666666,-0.16666666666666666,10,NA,1
739085,1047 Commonwealth Avenue,S3,342.5882352941176,3065,27580,51,0,51,46,0,2,2,0.0392156862745098,0,0,0,0,0,0,0,0,0,7,7,0.13725490196078433,0,9,9,0.17647058823529413,-0.05882352941176469,42,NA,1
739085,1047 Commonwealth Avenue,S4,323.25,0,0,8,0,8,8,0,0,0,0,0,0,0,0,0,0,0,0,0,0,0,0,0,0,0,0,-0.375,8,NA,1
739085,1047 Commonwealth Avenue,S5,346.4,3150,3100,10,0,10,9,0,0,0,0,0,0,0,0,0,0,0,0,0,1,1,0.1,0,1,1,0.1,-0.19999999999999998,9,NA,1
739085,1047 Commonwealth Avenue,S6,360.55172413793105,3350,13300,29,0,29,29,0,0,0,0,0,0,0,0,0,0,0,0,0,4,4,0.13793103448275862,0,4,4,0.13793103448275862,-0.13793103448275862,25,NA,1
739085,1047 Commonwealth Avenue,S7,442,0,0,4,0,4,3,0,0,0,0,0,0,0,0,0,0,0,0,0,0,0,0,0,0,0,0,-0.25,4,NA,1
739085,1047 Commonwealth Avenue,S8,348.8181818181818,3350,3325,11,0,11,4,0,0,0,0,0,0,0,0,0,0,0,0,0,1,1,0.09090909090909091,0,1,1,0.09090909090909091,-0.09090909090909091,10,NA,1
739085,1047 Commonwealth Avenue,S9,402.8,3950,3950,5,0,5,4,0,0,0,0,0,0,0,0,0,0,0,0,0,1,1,0.2,0,1,1,0.2,0.2,4,NA,1
739085,1047 Commonwealth Avenue,S10,528,0,0,4,0,4,2,0,0,0,0,0,0,0,0,0,0,0,0,0,0,0,0,0,0,0,0,-0.25,4,NA,1
739085,1047 Commonwealth Avenue,S11,348.9166666666667,1201.3333333333333,8722,24,0,24,23,0,0,0,0,0,0,0,0,0,0,0,0,4,5,9,0.375,4,5,9,0.375,0.08333333333333331,15,NA,1
739079,307 E. Daniel,D1,385,989.7297297297297,38275,40,0,40,40,0,1,1,0.025,1,0,1,0.025,0,0,0,0,25,10,35,0.875,26,11,37,0.925,-0.02499999999999991,3,4,4
739080,501 S. 6th,B1,573,955,1980,2,0,2,2,0,0,0,0,0,0,0,0,0,0,0,0,2,0,2,1,2,0,2,1,0,0,NA,NA
739080,501 S. 6th,B2,590,975,1940,2,0,2,2,0,0,0,0,0,0,0,0,0,0,0,0,1,1,2,1,1,1,2,1,0,0,NA,NA
739080,501 S. 6th,C1,444.75,987.5,9935,12,0,12,12,0,0,0,0,1,0,1,0.08333333333333333,0,0,0,0,8,1,9,0.75,9,1,10,0.8333333333333334,0,2,NA,NA
739080,501 S. 6th,C2,448,1017.5,12420,12,0,12,12,0,0,0,0,0,0,0,0,0,0,0,0,12,0,12,1,12,0,12,1,0,0,NA,NA
739080,501 S. 6th,D1,434,748.75,12155,16,0,16,16,0,0,0,0,0,0,0,0,0,0,0,0,13,3,16,1,13,3,16,1,0,0,NA,NA
739080,501 S. 6th,D2,366,776.5625,12555,16,0,16,16,0,0,0,0,0,0,0,0,0,0,0,0,10,6,16,1,10,6,16,1,0.0625,0,NA,NA
739080,501 S. 6th,D3 Townhome,483,875,3450,4,0,4,4,0,0,0,0,0,0,0,0,0,0,0,0,0,4,4,1,0,4,4,1,0,0,4,3
739080,501 S. 6th,E1 Townhome,452,868.75,17445,20,0,20,20,0,0,0,0,1,0,1,0.05,0,0,0,0,19,0,19,0.95,20,0,20,1,0.09999999999999998,0,NA,NA
739080,501 S. 6th,E2 Townhome,493,884.4117647058823,15315,20,0,20,20,0,0,0,0,1,0,1,0.05,0,0,0,0,14,2,16,0.8,15,2,17,0.85,0,3,NA,NA
739084,908 S. 1st,A1,526.125,1210.4166666666667,17880,16,0,16,16,0,0,0,0,0,0,0,0,0,0,0,0,5,7,12,0.75,5,7,12,0.75,-0.1875,4,NA,NA
739084,908 S. 1st,B1,307,930,7535,8,0,8,8,0,0,0,0,0,0,0,0,0,0,0,0,8,0,8,1,8,0,8,1,0,0,NA,NA
739084,908 S. 1st,B2,315,955,4905,16,0,16,16,0,0,0,0,0,0,0,0,0,0,0,0,3,2,5,0.3125,3,2,5,0.3125,-0.6875,11,NA,NA
739084,908 S. 1st,B3,457,896.875,8295,8,0,8,8,0,0,0,0,0,0,0,0,0,0,0,0,6,2,8,1,6,2,8,1,0.125,0,NA,NA
739084,908 S. 1st,D1,311,905,11145,16,0,16,16,0,0,0,0,1,0,1,0.0625,0,0,0,0,11,0,11,0.6875,12,0,12,0.75,-0.25,4,NA,NA
739084,908 S. 1st,M1 Murphy,319,1120,13650,12,0,12,11,0,0,0,0,0,0,0,0,0,0,0,0,9,3,12,1,9,3,12,1,0.08333333333333337,0,NA,NA
739084,908 S. 1st,M1 Murphy Balcony,333.5625,1101.5625,19465,16,0,16,16,0,0,0,0,0,0,0,0,0,0,0,0,12,4,16,1,12,4,16,1,0.5625,0,NA,NA
739084,908 S. 1st,M2 Murphy,349,1220,4925,4,0,4,3,0,0,0,0,0,0,0,0,0,0,0,0,2,2,4,1,2,2,4,1,0,0,NA,NA
641240,Academy 65,A1,463,1815,9710,10,0,10,9,0,0,0,0,0,0,0,0,0,0,0,0,0,5,5,0.5,0,5,5,0.5,0.2,5,1,1
641240,Academy 65,B1,284.7142857142857,1320,7080,21,0,21,21,0,0,0,0,0,0,0,0,0,0,0,0,0,7,7,0.3333333333333333,0,7,7,0.3333333333333333,0,14,2,2
641240,Academy 65,B1 Semi-Shared,249,795,7600,21,0,21,21,0,0,0,0,0,0,0,0,0,0,0,0,0,8,8,0.38095238095238093,0,8,8,0.38095238095238093,0.19047619047619047,13,2,2
641240,Academy 65,C1 Study,389,0,0,3,0,3,3,0,0,0,0,0,0,0,0,0,0,0,0,0,0,0,0,0,0,0,0,-0.6666666666666666,3,3,2
641240,Academy 65,D1 Balcony,276,935,5785,40,0,40,37,0,0,0,0,0,0,0,0,0,0,0,0,0,6,6,0.15,0,6,6,0.15,-0.275,34,4,2
641240,Academy 65,D2,293.5,993.5714285714286,26940,64,0,64,64,0,0,0,0,0,0,0,0,0,0,0,0,3,25,28,0.4375,3,25,28,0.4375,0.171875,36,4,4
641240,Academy 65,D3,243,1015,5325,20,0,20,20,0,0,0,0,0,0,0,0,0,0,0,0,0,7,7,0.35,0,7,7,0.35,0.14999999999999997,13,4,4
641240,Academy 65,D3 Semi-Shared,242.58333333333334,767.1739130434783,19600,120,0,120,118,0,0,0,0,0,0,0,0,0,0,0,0,0,23,23,0.19166666666666668,0,23,23,0.19166666666666668,-0.30833333333333335,97,4,4
641240,Academy 65,Not Selected,0,0,0,0,0,0,0,0,0,0,0,0,0,0,0,0,0,0,0,0,0,0,0,0,0,0,0,0,0,NA,NA
641240,Academy 65,S1,396,1565,3290,5,0,5,5,0,0,0,0,0,0,0,0,0,0,0,0,0,2,2,0.4,0,2,2,0.4,-0.19999999999999996,3,NA,1
641240,Academy 65,S2,416,1571.25,7035,5,0,5,5,0,0,0,0,0,0,0,0,0,0,0,0,1,3,4,0.8,1,3,4,0.8,0.6000000000000001,1,NA,1
676055,Academy Lincoln,B1,334,872.7586206896551,26135,30,0,30,30,1,2,3,0.1,0,0,0,0,0,0,0,0,12,14,26,0.8666666666666667,13,16,29,0.9666666666666667,0.4666666666666667,1,2,2
676055,Academy Lincoln,B2,399.7368421052632,896.25,11015,38,0,38,38,1,0,1,0.02631578947368421,2,0,2,0.05263157894736842,0,0,0,0,6,3,9,0.23684210526315788,9,3,12,0.3157894736842105,-0.26315789473684215,26,2,2
676055,Academy Lincoln,B3 Townhome,616,930,12600,14,0,14,13,2,0,2,0.14285714285714285,0,0,0,0,0,0,0,0,7,4,11,0.7857142857142857,9,4,13,0.9285714285714286,0.2857142857142857,1,2,2
676055,Academy Lincoln,C1,342.42857142857144,762.0833333333334,19610,42,0,42,42,0,0,0,0,1,0,1,0.023809523809523808,0,0,0,0,11,12,23,0.5476190476190477,12,12,24,0.5714285714285714,0.16666666666666663,18,3,3
676055,Academy Lincoln,D1,303.9406779661017,689.5689655172414,165140,472,0,472,467,8,2,10,0.0211864406779661,11,0,11,0.023305084745762712,1,0,1,0.00211864406779661,104,106,210,0.4449152542372881,124,108,232,0.4915254237288136,0.09957627118644069,240,4,4
676055,Academy Lincoln,D2,337,652.6388888888889,27645,36,0,36,35,0,0,0,0,0,0,0,0,0,0,0,0,19,17,36,1,19,17,36,1,0.5833333333333333,0,4,4
676055,Academy Lincoln,Not Selected,0,0,0,0,0,0,0,0,0,0,0,0,0,0,0,0,0,0,0,0,0,0,0,0,0,0,0,0,0,NA,NA
1115679,ANOVA uCity Square,A1,457,0,0,6,0,6,6,0,0,0,0,0,0,0,0,0,0,0,0,0,0,0,0,0,0,0,0,0,6,1,1
1115679,ANOVA uCity Square,A2,478,0,4189,17,0,17,15,0,0,0,0,0,0,0,0,0,0,0,0,1,1,2,0.11764705882352941,1,1,2,0.11764705882352941,-0.11764705882352941,15,1,1
1115679,ANOVA uCity Square,A3,499,0,6417,10,0,10,9,0,0,0,0,0,0,0,0,0,0,0,0,2,1,3,0.3,2,1,3,0.3,-0.2,7,1,1
1115679,ANOVA uCity Square,A4,472,0,5152,20,0,20,20,0,0,0,0,0,0,0,0,0,0,0,0,1,2,3,0.15,1,2,3,0.15,0,17,1,1
1115679,ANOVA uCity Square,A5,441,0,0,6,0,6,5,0,0,0,0,0,0,0,0,0,0,0,0,0,0,0,0,0,0,0,0,0,6,1,1
1115679,ANOVA uCity Square,A6,512,0,0,5,0,5,5,0,0,0,0,0,0,0,0,0,0,0,0,0,0,0,0,0,0,0,0,-0.4,5,1,1
1115679,ANOVA uCity Square,A7,589,0,0,5,0,5,5,0,0,0,0,0,0,0,0,0,0,0,0,0,0,0,0,0,0,0,0,-0.4,5,1,1
1115679,ANOVA uCity Square,A8,657.0268817204301,89.62068965517241,70717,186,0,186,172,0,1,1,0.005376344086021506,0,0,0,0,1,0,1,0.005376344086021506,19,8,27,0.14516129032258066,20,9,29,0.15591397849462366,-0.02688172043010753,157,1,1
1115679,ANOVA uCity Square,B1,974,0,3363,11,0,11,11,0,0,0,0,0,0,0,0,0,0,0,0,1,0,1,0.09090909090909091,1,0,1,0.09090909090909091,-0.09090909090909091,10,2,2
1115679,ANOVA uCity Square,B2,1008,0,18847,22,0,22,20,0,0,0,0,0,0,0,0,0,0,0,0,2,3,5,0.22727272727272727,2,3,5,0.22727272727272727,-0.04545454545454544,17,2,2
1115679,ANOVA uCity Square,C1,1372,0,0,5,0,5,4,0,0,0,0,0,0,0,0,0,0,0,0,0,0,0,0,0,0,0,0,-0.6,5,3,2
1115679,ANOVA uCity Square,Not Selected,0,0,0,0,0,0,0,0,0,0,0,0,0,0,0,0,0,0,0,0,0,0,0,0,0,0,0,0,0,NA,NA
1115679,ANOVA uCity Square,S1,360,83.9047619047619,35553,168,0,168,160,1,0,1,0.005952380952380952,0,0,0,0,0,0,0,0,15,5,20,0.11904761904761904,16,5,21,0.125,0.023809523809523808,147,NA,1
1161867,Courts at Spring Mill Station,1 Bed 1 Bath,747.9659863945578,214.5,94532.3,147,0,147,138,0,4,4,0.027210884353741496,0,0,0,0,0,0,0,0,21,23,44,0.29931972789115646,21,27,48,0.32653061224489793,0.03401360544217685,99,1,1
1161867,Courts at Spring Mill Station,1 Bed 1 Bath ADA,766,0,0,4,0,4,2,0,0,0,0,0,0,0,0,0,0,0,0,0,0,0,0,0,0,0,0,-0.25,4,1,1
1161867,Courts at Spring Mill Station,1 Bed 1 Bath Loft,935,0,7258,12,0,12,6,0,0,0,0,0,0,0,0,0,0,0,0,2,1,3,0.25,2,1,3,0.25,-0.33333333333333337,9,1,1
1161867,Courts at Spring Mill Station,1 Bed 1 Bath w/ Den,923.9677419354839,107.70555555555556,42549,31,0,31,31,0,0,0,0,0,0,0,0,0,0,0,0,5,13,18,0.5806451612903226,5,13,18,0.5806451612903226,0.16129032258064518,13,1,1
1161867,Courts at Spring Mill Station,1Bed1.5 Bath w/ Den,947,0,4558,3,0,3,3,0,0,0,0,0,0,0,0,0,0,0,0,0,2,2,0.6666666666666666,0,2,2,0.6666666666666666,0.3333333333333333,1,1,1
1161867,Courts at Spring Mill Station,1Bed1Bath Loftw/ Den,1170.6666666666667,0,0,3,0,3,3,0,0,0,0,0,0,0,0,0,0,0,0,0,0,0,0,0,0,0,0,-0.6666666666666666,3,1,1
1161867,Courts at Spring Mill Station,2 Bed 2 Bath,1098.5646258503402,226.41304347826087,112602.7,147,0,147,139,1,4,5,0.034013605442176874,0,0,0,0,0,0,0,0,17,24,41,0.2789115646258503,18,28,46,0.3129251700680272,0.10204081632653061,101,2,2
1161867,Courts at Spring Mill Station,2 Bed 2 Bath ADA,1151,0,2727,4,0,4,2,0,0,0,0,0,0,0,0,0,0,0,0,0,1,1,0.25,0,1,1,0.25,-0.25,3,2,2
1161867,Courts at Spring Mill Station,2 Bed 2 Bath Loft,1305,0,12138,9,0,9,8,0,0,0,0,0,1,1,0.1111111111111111,0,0,0,0,1,2,3,0.3333333333333333,1,3,4,0.4444444444444444,0.2222222222222222,5,2,2
1161867,Courts at Spring Mill Station,2 Bed 2 Bath w/ Den,1295.2173913043478,0,28881,23,0,23,21,0,1,1,0.043478260869565216,0,0,0,0,0,0,0,0,1,7,8,0.34782608695652173,1,8,9,0.391304347826087,0.13043478260869568,14,2,2
1161867,Courts at Spring Mill Station,2Bed2Bath Loftw/ Den,1419,0,0,1,0,1,1,0,0,0,0,0,0,0,0,0,0,0,0,0,0,0,0,0,0,0,0,0,1,2,2
1161867,Courts at Spring Mill Station,COMMERCIAL,0,0,0,1,0,1,0,0,0,0,0,0,0,0,0,0,0,0,0,0,0,0,0,0,0,0,0,0,1,1,1
1161867,Courts at Spring Mill Station,Not Selected,0,0,0,0,0,0,0,0,0,0,0,0,0,0,0,0,0,0,0,0,0,0,0,0,0,0,0,0,0,NA,NA
1161867,Courts at Spring Mill Station,Studio,518,0,0,1,0,1,1,0,0,0,0,0,0,0,0,0,0,0,0,0,0,0,0,0,0,0,0,0,1,NA,1
518044,Shortbread Lofts,B1,319.325,1240.125,49865,40,0,40,40,0,0,0,0,0,0,0,0,0,0,0,0,33,7,40,1,33,7,40,1,0,0,2,2
518044,Shortbread Lofts,B2,453.6,1502,15400,10,0,10,10,0,0,0,0,0,0,0,0,0,0,0,0,8,2,10,1,8,2,10,1,0.19999999999999996,0,2,2
518044,Shortbread Lofts,B3,499,1505,2990,2,0,2,2,0,0,0,0,0,0,0,0,0,0,0,0,0,2,2,1,0,2,2,1,0,0,2,2
518044,Shortbread Lofts,B4,492,1505,3195,2,0,2,2,0,0,0,0,0,0,0,0,0,0,0,0,0,2,2,1,0,2,2,1,0.5,0,2,2
518044,Shortbread Lofts,C1,338.64285714285717,1458.090909090909,73725,56,0,56,56,0,0,0,0,2,0,2,0.03571428571428571,0,0,0,0,47,6,53,0.9464285714285714,49,6,55,0.9821428571428571,0.1071428571428571,1,3,3
518044,Shortbread Lofts,C2,228,985,5970,6,0,6,6,0,0,0,0,0,0,0,0,0,0,0,0,6,0,6,1,6,0,6,1,0,0,3,3
518044,Shortbread Lofts,C3,324,1445.5,25160,20,0,20,20,0,0,0,0,0,0,0,0,0,0,0,0,20,0,20,1,20,0,20,1,0,0,3,3
518044,Shortbread Lofts,C4,278.4583333333333,1427.0454545454545,25500,24,0,24,24,0,0,0,0,0,0,0,0,0,0,0,0,20,2,22,0.9166666666666666,20,2,22,0.9166666666666666,-0.08333333333333337,2,3,3
518044,Shortbread Lofts,D1,269.55121951219513,1428.7313432835822,234555,205,0,205,205,3,0,3,0.014634146341463415,4,0,4,0.01951219512195122,0,0,0,0,192,2,194,0.9463414634146341,199,2,201,0.9804878048780488,0,4,4,4
518044,Shortbread Lofts,D2,307.77777777777777,1415,12055,9,0,9,9,0,0,0,0,0,0,0,0,0,0,0,0,7,2,9,1,7,2,9,1,0.33333333333333337,0,4,4
518044,Shortbread Lofts,Not Selected,0,0,0,0,0,0,0,0,0,0,0,0,0,0,0,1,0,1,0,0,0,0,0,1,0,1,0,0,0,NA,NA
952515,SOVA,A1,611,1468,30950,20,0,20,19,0,0,0,0,0,0,0,0,0,0,0,0,4,16,20,1,4,16,20,1,0.4,0,1,1
952515,SOVA,B1,413,1148.5714285714287,40985,64,0,64,63,1,1,2,0.03125,0,0,0,0,0,0,0,0,1,32,33,0.515625,2,33,35,0.546875,0,29,2,2
952515,SOVA,B1 ALT,477,1265,10030,30,0,30,28,0,0,0,0,0,0,0,0,0,0,0,0,0,8,8,0.26666666666666666,0,8,8,0.26666666666666666,-0.033333333333333326,22,2,2
952515,SOVA,C1,385,857.3,52210,66,0,66,66,0,1,1,0.015151515151515152,3,0,3,0.045454545454545456,4,1,5,0.07575757575757576,11,30,41,0.6212121212121212,18,32,50,0.7575757575757576,0.09090909090909094,16,3,3
952515,SOVA,D1,350.6623376623377,1015.2380952380952,104710,308,0,308,304,0,1,1,0.003246753246753247,2,0,2,0.006493506493506494,0,1,1,0.003246753246753247,0,101,101,0.32792207792207795,2,103,105,0.3409090909090909,0.042207792207792194,203,4,4
952515,SOVA,D2,372,1020,40355,88,0,88,86,2,0,2,0.022727272727272728,4,0,4,0.045454545454545456,3,1,4,0.045454545454545456,3,27,30,0.3409090909090909,12,28,40,0.45454545454545453,-0.04545454545454547,48,4,4
952515,SOVA,D3,427,1055.679012345679,84555,240,0,240,238,1,2,3,0.0125,1,0,1,0.004166666666666667,1,0,1,0.004166666666666667,8,68,76,0.31666666666666665,11,70,81,0.3375,-0.04999999999999999,159,4,4
952515,SOVA,Not Selected,0,0,0,0,0,0,0,0,0,0,0,0,0,0,0,0,0,0,0,0,0,0,0,0,0,0,0,0,0,NA,NA
577897,Station Nine,a1a 1F Courtyard Stack,733,1680,1669,12,0,12,12,0,0,0,0,0,0,0,0,0,0,0,0,0,1,1,0.08333333333333333,0,1,1,0.08333333333333333,0.08333333333333333,11,1,1
577897,Station Nine,a1a 1F Pool Stack,733,0,1805,4,0,4,4,0,0,0,0,0,0,0,0,0,0,0,0,1,0,1,0.25,1,0,1,0.25,0,3,1,1
577897,Station Nine,a1a 1F Stack,733,1601.25,6985,12,0,12,11,0,0,0,0,0,0,0,0,1,0,1,0.08333333333333333,2,1,3,0.25,3,1,4,0.3333333333333333,0.08333333333333331,8,1,1
577897,Station Nine,a1a Courtyard Stack,733,393.75,7098,24,0,24,24,0,0,0,0,0,0,0,0,0,0,0,0,4,0,4,0.16666666666666666,4,0,4,0.16666666666666666,0.04166666666666666,20,1,1
577897,Station Nine,a1a Pool Stack,733,918.16,3673,10,0,10,10,0,0,0,0,0,0,0,0,0,0,0,0,1,1,2,0.2,1,1,2,0.2,0,8,1,1
577897,Station Nine,a1a stack,733,677.8571428571429,12067,23,0,23,23,0,0,0,0,0,0,0,0,0,0,0,0,6,1,7,0.30434782608695654,6,1,7,0.30434782608695654,0.13043478260869568,16,1,1
577897,Station Nine,a1a TF Pool Stack,733,0,0,1,0,1,1,0,0,0,0,0,0,0,0,0,0,0,0,0,0,0,0,0,0,0,0,0,1,1,1
577897,Station Nine,a1a TF Stack,733,0,1836,4,0,4,4,0,0,0,0,0,0,0,0,0,0,0,0,1,0,1,0.25,1,0,1,0.25,0.25,3,1,1
577897,Station Nine,a1al TF Courtyard Stack,874,1825,1855,12,0,12,12,0,0,0,0,0,0,0,0,0,0,0,0,1,0,1,0.08333333333333333,1,0,1,0.08333333333333333,-0.08333333333333333,11,1,1
577897,Station Nine,a1al TF Pool Stack,874,2025,2100,4,0,4,4,0,0,0,0,0,0,0,0,0,0,0,0,1,0,1,0.25,1,0,1,0.25,0.25,3,1,1
577897,Station Nine,a1al TF Stack,874,1930,1900,8,0,8,8,0,0,0,0,0,0,0,0,0,0,0,0,0,1,1,0.125,0,1,1,0.125,0,7,1,1
577897,Station Nine,a1b Pool Stack,733,0,1836,2,0,2,2,0,0,0,0,0,0,0,0,0,0,0,0,1,0,1,0.5,1,0,1,0.5,0.5,1,1,1
577897,Station Nine,a1b Stack,733,0,0,1,0,1,1,0,0,0,0,0,0,0,0,0,0,0,0,0,0,0,0,0,0,0,0,0,1,1,1
577897,Station Nine,a1bl TF Pool Stack,876,0,0,1,0,1,1,0,0,0,0,0,0,0,0,0,0,0,0,0,0,0,0,0,0,0,0,0,1,1,1
577897,Station Nine,a1bl TF Stack,876,0,0,1,0,1,1,0,0,0,0,0,0,0,0,0,0,0,0,0,0,0,0,0,0,0,0,-1,1,1,1
577897,Station Nine,a1c 1F Stack,732,1595,1595,1,0,1,1,0,0,0,0,0,0,0,0,0,0,0,0,1,0,1,1,1,0,1,1,1,0,1,1
577897,Station Nine,a1hc 1F Pool Side by Side,733,0,0,1,0,1,1,0,0,0,0,0,0,0,0,0,0,0,0,0,0,0,0,0,0,0,0,0,1,1,1
577897,Station Nine,a1hc 1F Side by Side,733,0,0,1,0,1,1,0,0,0,0,0,0,0,0,0,0,0,0,0,0,0,0,0,0,0,0,-1,1,1,1
577897,Station Nine,a1hc 1F Stack,733,0,0,1,0,1,1,0,0,0,0,0,0,0,0,0,0,0,0,0,0,0,0,0,0,0,0,0,1,1,NA
577897,Station Nine,a1hc Pool Side by Side,733,0,0,2,0,2,2,0,0,0,0,0,0,0,0,0,0,0,0,0,0,0,0,0,0,0,0,0,2,1,1
577897,Station Nine,a1hc Side by Side,733,0,0,3,0,3,3,0,0,0,0,0,0,0,0,0,0,0,0,0,0,0,0,0,0,0,0,0,3,1,1
577897,Station Nine,a1hc TF Pool Side by Side,733,1625,1655,1,0,1,0,0,0,0,0,0,0,0,0,0,0,0,0,1,0,1,1,1,0,1,1,1,0,1,1
577897,Station Nine,a1hc TF Side by Side,733,0,0,2,0,2,2,0,0,0,0,0,0,0,0,0,0,0,0,0,0,0,0,0,0,0,0,0,2,1,1
577897,Station Nine,a2 1F Pool Side by Side,863,0,0,1,0,1,1,0,0,0,0,0,0,0,0,0,0,0,0,0,0,0,0,0,0,0,0,0,1,1,1
577897,Station Nine,a2 Pool Side by Side,863,0,1841,2,0,2,2,0,0,0,0,0,0,0,0,0,0,0,0,1,0,1,0.5,1,0,1,0.5,0.5,1,1,1
577897,Station Nine,a2 TF Pool Side by Side,863,0,0,1,0,1,1,0,0,0,0,0,0,0,0,0,0,0,0,0,0,0,0,0,0,0,0,0,1,1,NA
577897,Station Nine,a3a 1F Pool Side by Side,926,1865,1855,4,0,4,2,0,0,0,0,0,0,0,0,0,0,0,0,0,1,1,0.25,0,1,1,0.25,0.25,3,1,1
577897,Station Nine,a3a 1F Side by Side,926,0,0,2,0,2,2,0,0,0,0,0,0,0,0,0,0,0,0,0,0,0,0,0,0,0,0,0,2,1,1
577897,Station Nine,a3a Pool Side by Side,926,0,4060,8,0,8,8,0,0,0,0,0,0,0,0,0,0,0,0,2,0,2,0.25,2,0,2,0.25,-0.125,6,1,1
577897,Station Nine,a3a Side by Side,926,0,1989,4,0,4,4,0,0,0,0,0,0,0,0,0,0,0,0,1,0,1,0.25,1,0,1,0.25,0,3,1,1
577897,Station Nine,a3a TF Pool Side by Side,926,0,0,2,0,2,2,0,0,0,0,0,0,0,0,0,0,0,0,0,0,0,0,0,0,0,0,0,2,1,1
577897,Station Nine,a3a TF Side by Side,926,0,0,2,0,2,2,0,0,0,0,0,0,0,0,0,0,0,0,0,0,0,0,0,0,0,0,-1,2,1,1
577897,Station Nine,a3al TF Pool Side by Side,1073,0,0,1,0,1,1,0,0,0,0,0,0,0,0,0,0,0,0,0,0,0,0,0,0,0,0,0,1,1,1
577897,Station Nine,a3al TF Pool Stack,1073,0,0,1,0,1,1,0,0,0,0,0,0,0,0,0,0,0,0,0,0,0,0,0,0,0,0,0,1,1,1
577897,Station Nine,a3b 1F Side by Side,935,0,0,2,0,2,2,0,0,0,0,0,0,0,0,0,0,0,0,0,0,0,0,0,0,0,0,0,2,1,1
577897,Station Nine,a3b Side by Side,935,0,3800,6,0,6,6,0,0,0,0,0,0,0,0,0,0,0,0,2,0,2,0.3333333333333333,2,0,2,0.3333333333333333,0.3333333333333333,4,1,1
577897,Station Nine,a3b TF Side by Side,935,0,0,2,0,2,2,0,0,0,0,0,0,0,0,0,0,0,0,0,0,0,0,0,0,0,0,0,2,1,1
577897,Station Nine,a3bl TF Side by Side,1082,0,2178,2,0,2,2,0,0,0,0,0,0,0,0,0,0,0,0,1,0,1,0.5,1,0,1,0.5,0.5,1,1,1
577897,Station Nine,a3c Side by Side,949,0,0,1,0,1,0,0,0,0,0,0,0,0,0,0,0,0,0,0,0,0,0,0,0,0,0,-1,1,1,1
577897,Station Nine,a3c TF Side by Side,949,0,0,1,0,1,1,0,0,0,0,0,0,0,0,0,0,0,0,0,0,0,0,0,0,0,0,0,1,1,1
577897,Station Nine,a3d Side by Side,958,0,3998,2,0,2,2,0,0,0,0,0,0,0,0,0,0,0,0,2,0,2,1,2,0,2,1,1,0,1,1
577897,Station Nine,a3dl TF Side by Side,1129,0,0,1,0,1,1,0,0,0,0,0,0,0,0,0,0,0,0,0,0,0,0,0,0,0,0,-1,1,1,1
577897,Station Nine,a4 1F Side by Side,759,0,0,1,0,1,1,0,0,0,0,0,0,0,0,0,0,0,0,0,0,0,0,0,0,0,0,0,1,1,1
577897,Station Nine,a4 1F Stack,759,0,0,1,0,1,1,0,0,0,0,0,0,0,0,0,0,0,0,0,0,0,0,0,0,0,0,0,1,1,1
577897,Station Nine,a4 Stack,759,0,0,4,0,4,4,0,0,0,0,0,0,0,0,0,0,0,0,0,0,0,0,0,0,0,0,0,4,1,1
577897,Station Nine,a4 TF Stack,759,0,0,2,0,2,2,0,0,0,0,0,0,0,0,0,0,0,0,0,0,0,0,0,0,0,0,0,2,1,1
577897,Station Nine,a5 1F Pool Side by Side Terrace,887,0,0,1,0,1,1,0,0,0,0,0,0,0,0,0,0,0,0,0,0,0,0,0,0,0,0,0,1,1,1
577897,Station Nine,a5 Pool Side by Side Terrace,887,0,0,2,0,2,2,0,0,0,0,0,0,0,0,0,0,0,0,0,0,0,0,0,0,0,0,-1,2,1,1
577897,Station Nine,a5 TF Pool Side by Side Terrace,887,0,0,1,0,1,1,0,0,0,0,0,0,0,0,0,0,0,0,0,0,0,0,0,0,0,0,0,1,1,1
577897,Station Nine,a6 Stack,1137,0,0,1,0,1,1,0,0,0,0,0,0,0,0,0,0,0,0,0,0,0,0,0,0,0,0,0,1,1,2
577897,Station Nine,b1 1F Courtyard Side by Side,1066,0,0,4,0,4,4,0,0,0,0,0,0,0,0,0,0,0,0,0,0,0,0,0,0,0,0,0,4,2,2
577897,Station Nine,b1 1F Pool Side by Side,1066,0,0,2,0,2,2,0,0,0,0,0,0,0,0,0,0,0,0,0,0,0,0,0,0,0,0,0,2,2,2
577897,Station Nine,b1 1F Side by Side,1066,0,2366,9,0,9,8,0,0,0,0,0,0,0,0,0,0,0,0,1,0,1,0.1111111111111111,1,0,1,0.1111111111111111,0,8,2,2
577897,Station Nine,b1 Courtyard Side by Side,1066,0,0,8,0,8,8,0,0,0,0,0,0,0,0,0,0,0,0,0,0,0,0,0,0,0,0,0,8,2,2
577897,Station Nine,b1 Pool Side by Side,1066,0,0,4,0,4,4,0,0,0,0,0,0,0,0,0,0,0,0,0,0,0,0,0,0,0,0,0,4,2,2
577897,Station Nine,b1 Side by Side,1066,0,0,19,0,19,19,0,0,0,0,0,0,0,0,0,0,0,0,0,0,0,0,0,0,0,0,-0.05263157894736842,19,2,2
577897,Station Nine,b1 TF Side by Side,1066,0,0,3,0,3,2,0,0,0,0,0,0,0,0,0,0,0,0,0,0,0,0,0,0,0,0,0,3,2,2
577897,Station Nine,b1al TF Courtyard Side by Side,1206,0,0,4,0,4,4,0,0,0,0,0,0,0,0,0,0,0,0,0,0,0,0,0,0,0,0,0,4,2,2
577897,Station Nine,b1al TF Pool Side by Side,1206,0,0,1,0,1,1,0,0,0,0,0,0,0,0,0,0,0,0,0,0,0,0,0,0,0,0,0,1,2,2
577897,Station Nine,b1al TF Side by Side,1206,2530,2530,6,0,6,5,0,0,0,0,0,0,0,0,0,0,0,0,1,0,1,0.16666666666666666,1,0,1,0.16666666666666666,0,5,2,2
577897,Station Nine,b1bl TF Pool Side by Side,1193,0,0,1,0,1,1,0,0,0,0,0,0,0,0,0,0,0,0,0,0,0,0,0,0,0,0,0,1,2,2
577897,Station Nine,b1bl TF Side by Side,1193,0,2733,4,0,4,3,0,0,0,0,0,0,0,0,0,0,0,0,1,0,1,0.25,1,0,1,0.25,0,3,2,2
577897,Station Nine,b1hc 1F Side by Side,1066,0,0,1,0,1,1,0,0,0,0,0,0,0,0,0,0,0,0,0,0,0,0,0,0,0,0,0,1,2,2
577897,Station Nine,b1hc Side by Side,1066,0,0,3,0,3,3,0,0,0,0,0,0,0,0,0,0,0,0,0,0,0,0,0,0,0,0,-0.3333333333333333,3,2,2
577897,Station Nine,b2a 1F Courtyard Side by Side,1150,0,2285,2,0,2,2,0,0,0,0,0,0,0,0,0,0,0,0,0,1,1,0.5,0,1,1,0.5,-0.5,1,2,2
577897,Station Nine,b2a 1F Side by Side,1150,0,0,2,0,2,2,0,0,0,0,0,0,0,0,0,0,0,0,0,0,0,0,0,0,0,0,0,2,2,2
577897,Station Nine,b2a Courtyard Side by Side,1150,0,0,4,0,4,4,0,0,0,0,0,0,0,0,0,0,0,0,0,0,0,0,0,0,0,0,0,4,2,2
577897,Station Nine,b2a Side by Side,1150,0,0,4,0,4,4,0,0,0,0,0,0,0,0,0,0,0,0,0,0,0,0,0,0,0,0,-0.25,4,2,2
577897,Station Nine,b2al TF Courtyard Side by Side,1384,0,0,2,0,2,1,0,0,0,0,0,0,0,0,0,0,0,0,0,0,0,0,0,0,0,0,0,2,2,2
577897,Station Nine,b2al TF Side by Side,1384,0,0,1,0,1,0,0,0,0,0,0,0,0,0,0,0,0,0,0,0,0,0,0,0,0,0,0,1,2,2
577897,Station Nine,b2b 1F Courtyard Side by Side,1177,0,0,2,0,2,2,0,0,0,0,0,0,0,0,0,0,0,0,0,0,0,0,0,0,0,0,0,2,2,2
577897,Station Nine,b2b 1F Side by Side,1177,0,0,1,0,1,1,0,0,0,0,0,0,0,0,0,0,0,0,0,0,0,0,0,0,0,0,0,1,2,2
577897,Station Nine,b2b Courtyard Side by Side,1177,0,0,4,0,4,4,0,0,0,0,0,0,0,0,0,0,0,0,0,0,0,0,0,0,0,0,-0.25,4,2,2
577897,Station Nine,b2b Side by Side,1177,2415,2415,2,0,2,2,0,0,0,0,0,0,0,0,0,0,0,0,1,0,1,0.5,1,0,1,0.5,0,1,2,2
577897,Station Nine,b2bl TF Courtyard Side by Side,1411,0,0,2,0,2,1,0,0,0,0,0,0,0,0,0,0,0,0,0,0,0,0,0,0,0,0,0,2,2,2
577897,Station Nine,b2bl TF Side by Side,1411,0,0,1,0,1,1,0,0,0,0,0,0,0,0,0,0,0,0,0,0,0,0,0,0,0,0,0,1,2,2
577897,Station Nine,b2cl TF Side by Side,1407,0,0,1,0,1,1,0,0,0,0,0,0,0,0,0,0,0,0,0,0,0,0,0,0,0,0,0,1,2,2
577897,Station Nine,b3a 1F Courtyard Side by Side,1251,0,0,4,0,4,4,0,0,0,0,0,0,0,0,0,0,0,0,0,0,0,0,0,0,0,0,-0.25,4,2,2
577897,Station Nine,b3a 1F Pool Side by Side,1251,0,0,1,0,1,1,0,0,0,0,0,0,0,0,0,0,0,0,0,0,0,0,0,0,0,0,0,1,2,2
577897,Station Nine,b3a 1F Side by Side,1251,0,0,1,0,1,1,0,0,0,0,0,0,0,0,0,0,0,0,0,0,0,0,0,0,0,0,-1,1,2,2
577897,Station Nine,b3a Courtyard Side by Side,1251,0,0,4,0,4,4,0,0,0,0,0,0,0,0,0,0,0,0,0,0,0,0,0,0,0,0,0,4,2,2
577897,Station Nine,b3a Pool Side by Side,1251,0,0,2,0,2,2,0,0,0,0,0,0,0,0,0,0,0,0,0,0,0,0,0,0,0,0,0,2,2,2
577897,Station Nine,b3a Side by Side,1251,0,5039,4,0,4,4,0,0,0,0,0,0,0,0,0,0,0,0,2,0,2,0.5,2,0,2,0.5,0.5,2,2,2
577897,Station Nine,b3a TF Courtyard Side by Side,1251,0,0,2,0,2,2,0,0,0,0,0,0,0,0,0,0,0,0,0,0,0,0,0,0,0,0,0,2,2,2
577897,Station Nine,b3a TF Pool Side by Side,1251,0,0,1,0,1,1,0,0,0,0,0,0,0,0,0,0,0,0,0,0,0,0,0,0,0,0,0,1,2,2
577897,Station Nine,b3a TF Side by Side,1251,0,0,2,0,2,2,0,0,0,0,0,0,0,0,0,0,0,0,0,0,0,0,0,0,0,0,0,2,2,2
577897,Station Nine,b3b Courtyard Side by Side,1337,0,0,4,0,4,4,0,0,0,0,0,0,0,0,0,0,0,0,0,0,0,0,0,0,0,0,-0.5,4,2,2
577897,Station Nine,b3b TF Courtyard Side by Side,1337,0,2631,2,0,2,2,0,0,0,0,0,0,0,0,0,0,0,0,1,0,1,0.5,1,0,1,0.5,0.5,1,2,2
577897,Station Nine,b4 1F Pool Side by Side,1307,0,0,1,0,1,0,0,0,0,0,0,0,0,0,0,0,0,0,0,0,0,0,0,0,0,0,0,1,2,2
577897,Station Nine,b4 Pool Side by Side,1307,0,0,2,0,2,2,0,0,0,0,0,0,0,0,0,0,0,0,0,0,0,0,0,0,0,0,0,2,2,2
577897,Station Nine,b4 TF Pool Side by Side,1307,0,0,1,0,1,1,0,0,0,0,0,0,0,0,0,0,0,0,0,0,0,0,0,0,0,0,-1,1,2,2
577897,Station Nine,b5 Pool Side by Side,1553,0,0,1,0,1,1,0,0,0,0,0,0,0,0,0,0,0,0,0,0,0,0,0,0,0,0,0,1,2,2
577897,Station Nine,b5 TF Pool Side by Side,1553,0,0,1,0,1,1,0,0,0,0,0,0,0,0,0,0,0,0,0,0,0,0,0,0,0,0,-1,1,2,2
577897,Station Nine,b7hc Side by Side,1611,0,0,1,0,1,1,0,0,0,0,0,0,0,0,0,0,0,0,0,0,0,0,0,0,0,0,-1,1,2,2
577897,Station Nine,b7hc TF Side by Side,1611,0,0,1,0,1,1,0,0,0,0,0,0,0,0,0,0,0,0,0,0,0,0,0,0,0,0,0,1,2,2
577897,Station Nine,b8 Side by Side,1535,0,0,1,0,1,0,0,0,0,0,0,0,0,0,0,0,0,0,0,0,0,0,0,0,0,0,0,1,2,2
577897,Station Nine,b8 TF Side by Side,1535,0,0,1,0,1,1,0,0,0,0,0,0,0,0,0,0,0,0,0,0,0,0,0,0,0,0,0,1,2,2
577897,Station Nine,Not Selected,0,0,0,0,0,0,0,0,0,0,0,0,0,0,0,0,0,0,0,0,0,0,0,0,0,0,0,0,0,NA,NA
577897,Station Nine,Two Bedroom Waitlist,0,3054,3054,0,0,0,0,0,0,0,0,0,0,0,0,0,0,0,0,1,0,1,0,1,0,1,0,0,0,NA,NA
518041,The Academy at Frisco,A1,616.8709677419355,1322.3214285714287,42540,31,0,31,31,0,0,0,0,0,0,0,0,0,0,0,0,5,23,28,0.9032258064516129,5,23,28,0.9032258064516129,0.06451612903225801,3,1,1
518041,The Academy at Frisco,A2,538,1575,1625,3,0,3,3,0,0,0,0,0,0,0,0,0,0,0,0,0,1,1,0.3333333333333333,0,1,1,0.3333333333333333,0,2,1,1
518041,The Academy at Frisco,B1,403.5,959.5098039215686,55125,48,0,48,48,0,0,0,0,2,0,2,0.041666666666666664,1,0,1,0.020833333333333332,26,22,48,1,29,22,51,1.0625,0.10416666666666663,0,2,2
518041,The Academy at Frisco,B2,375,790,10435,10,0,10,10,0,0,0,0,0,0,0,0,0,0,0,0,4,6,10,1,4,6,10,1,0.19999999999999996,0,2,2
518041,The Academy at Frisco,B3,393,1800,9565,10,0,10,9,0,0,0,0,0,0,0,0,0,0,0,0,8,1,9,0.9,8,1,9,0.9,0.6000000000000001,1,2,2
518041,The Academy at Frisco,C1,346,903.6111111111111,18875,18,0,18,18,0,0,0,0,0,0,0,0,0,0,0,0,3,15,18,1,3,15,18,1,0,0,3,3
518041,The Academy at Frisco,D1,340,871.9907407407408,204965,228,0,228,222,1,1,2,0.008771929824561403,3,0,3,0.013157894736842105,2,0,2,0.008771929824561403,128,81,209,0.9166666666666666,134,82,216,0.9473684210526315,0.07017543859649122,12,4,4
518041,The Academy at Frisco,D2,351,892.1804511278195,124810,140,0,140,140,4,1,5,0.03571428571428571,1,0,1,0.007142857142857143,0,0,0,0,75,52,127,0.9071428571428571,80,53,133,0.95,0.014285714285714235,7,4,4
518041,The Academy at Frisco,D3,353,756.25,15780,16,0,16,16,0,0,0,0,1,0,1,0.0625,0,0,0,0,9,6,15,0.9375,10,6,16,1,0.125,0,4,4
518041,The Academy at Frisco,D4,364,969.7916666666666,25505,40,0,40,40,3,0,3,0.075,2,0,2,0.05,0,0,0,0,7,12,19,0.475,12,12,24,0.6,-0.30000000000000004,16,4,4
518041,The Academy at Frisco,D5,335,948.7068965517242,58185,76,0,76,75,3,0,3,0.039473684210526314,1,0,1,0.013157894736842105,1,0,1,0.013157894736842105,30,23,53,0.6973684210526315,35,23,58,0.7631578947368421,-0.11842105263157887,18,4,4
518041,The Academy at Frisco,Not Selected,0,0,0,0,0,0,0,0,0,0,0,0,0,0,0,0,0,0,0,0,0,0,0,0,0,0,0,0,0,NA,NA
518041,The Academy at Frisco,Studio,434,1371.0714285714287,19380,20,0,20,20,0,0,0,0,1,0,1,0.05,1,0,1,0.05,3,9,12,0.6,5,9,14,0.7,0,6,NA,1
518042,The Academy on Charles,A1,441,2100,2100,1,0,1,1,0,0,0,0,0,0,0,0,0,0,0,0,1,0,1,1,1,0,1,1,0,0,1,1
518042,The Academy on Charles,A2,667,2225,4450,1,0,1,1,0,0,0,0,1,0,1,1,0,0,0,0,0,1,1,1,1,1,2,2,1,0,1,1
518042,The Academy on Charles,B1,305.4,1692.5,20380,10,0,10,10,0,0,0,0,2,0,2,0.2,1,0,1,0.1,7,2,9,0.9,10,2,12,1.2,0.19999999999999996,0,2,2
518042,The Academy on Charles,B2,331.5,1732.5,13810,8,0,8,8,0,0,0,0,0,0,0,0,0,0,0,0,8,0,8,1,8,0,8,1,0,0,2,2
518042,The Academy on Charles,B3,327,1696.4285714285713,11945,6,0,6,6,0,0,0,0,2,0,2,0.3333333333333333,0,0,0,0,2,3,5,0.8333333333333334,4,3,7,1.1666666666666667,0.33333333333333337,0,2,2
518042,The Academy on Charles,B4,335.75,1720,3380,8,0,8,7,0,0,0,0,0,0,0,0,0,0,0,0,0,2,2,0.25,0,2,2,0.25,-0.5,6,2,1
518042,The Academy on Charles,B5,365.5,0,0,8,0,8,8,0,0,0,0,0,0,0,0,0,0,0,0,0,0,0,0,0,0,0,0,-0.75,8,2,1
518042,The Academy on Charles,B6,447,1746.6666666666667,15605,10,0,10,9,0,0,0,0,0,0,0,0,0,0,0,0,4,5,9,0.9,4,5,9,0.9,0.20000000000000007,1,2,2
518042,The Academy on Charles,C1,364.5,1580,18810,12,0,12,12,0,0,0,0,0,0,0,0,0,0,0,0,9,3,12,1,9,3,12,1,0.25,0,3,3
518042,The Academy on Charles,C2,339,1484.5454545454545,36055,36,0,36,36,0,0,0,0,0,0,0,0,0,0,0,0,13,9,22,0.6111111111111112,13,9,22,0.6111111111111112,-0.05555555555555547,14,3,3
518042,The Academy on Charles,C3,283,1578.2608695652175,36325,24,0,24,24,0,0,0,0,0,0,0,0,2,0,2,0.08333333333333333,17,4,21,0.875,19,4,23,0.9583333333333334,0.16666666666666674,1,3,3
518042,The Academy on Charles,C4,422,1625,1625,3,0,3,3,0,0,0,0,0,0,0,0,0,0,0,0,0,1,1,0.3333333333333333,0,1,1,0.3333333333333333,0,2,3,3
518042,The Academy on Charles,D1,281.3076923076923,1565.8333333333333,9310,104,0,104,104,0,0,0,0,0,0,0,0,0,0,0,0,1,5,6,0.057692307692307696,1,5,6,0.057692307692307696,-0.07692307692307691,98,4,4
518042,The Academy on Charles,D2,351.8,1585.8333333333333,28030,40,0,40,40,0,0,0,0,1,0,1,0.025,0,0,0,0,4,13,17,0.425,5,13,18,0.45,-0.49999999999999994,22,4,4
518042,The Academy on Charles,D3,307.6,1529.2105263157894,28985,20,0,20,20,0,0,0,0,0,0,0,0,0,1,1,0.05,9,9,18,0.9,9,10,19,0.95,0.3999999999999999,1,4,4
518042,The Academy on Charles,D4,267,1515,12020,32,0,32,32,0,0,0,0,0,0,0,0,0,0,0,0,4,4,8,0.25,4,4,8,0.25,-0.125,24,4,2
518042,The Academy on Charles,Not Selected,0,0,0,0,0,0,0,0,0,0,0,0,0,0,0,0,0,0,0,0,0,0,0,0,0,0,0,0,0,NA,NA
518042,The Academy on Charles,S1,351,2057.5,8090,4,0,4,4,0,0,0,0,0,0,0,0,0,0,0,0,1,3,4,1,1,3,4,1,0,0,NA,1
518042,The Academy on Charles,S2,423,2465,2465,1,0,1,1,0,0,0,0,0,0,0,0,0,0,0,0,1,0,1,1,1,0,1,1,0,0,NA,1
1197886,The Caswell at Runnymeade,A1.1,849,0,0,3,0,3,1,0,0,0,0,0,0,0,0,0,0,0,0,0,0,0,0,0,0,0,0,-1,3,1,1
1197886,The Caswell at Runnymeade,A1.2,881,0,0,2,0,2,1,0,0,0,0,0,0,0,0,0,0,0,0,0,0,0,0,0,0,0,0,-0.5,2,1,1
1197886,The Caswell at Runnymeade,A2,1052,0,0,4,0,4,4,0,0,0,0,0,0,0,0,0,0,0,0,0,0,0,0,0,0,0,0,0,4,1,1
1197886,The Caswell at Runnymeade,A3,805,2300,24030,16,0,16,16,0,0,0,0,0,0,0,0,0,1,1,0.0625,4,5,9,0.5625,4,6,10,0.625,0.1875,6,1,1
1197886,The Caswell at Runnymeade,A4,858,2307,19235,16,0,16,15,0,1,1,0.0625,0,0,0,0,0,0,0,0,3,4,7,0.4375,3,5,8,0.5,-0.125,8,1,1
1197886,The Caswell at Runnymeade,A5.1,1059,2519,8446,6,0,6,6,0,0,0,0,0,0,0,0,0,0,0,0,1,2,3,0.5,1,2,3,0.5,0.33333333333333337,3,1,1
1197886,The Caswell at Runnymeade,A5.2,1071,2672,5736,6,0,6,6,0,0,0,0,0,0,0,0,0,0,0,0,1,1,2,0.3333333333333333,1,1,2,0.3333333333333333,0,4,1,1
1197886,The Caswell at Runnymeade,A6,1048,2723,2334,4,0,4,4,0,0,0,0,0,0,0,0,0,0,0,0,1,0,1,0.25,1,0,1,0.25,0,3,1,1
1197886,The Caswell at Runnymeade,A7,1192,2723,12021,8,0,8,8,0,1,1,0.125,0,0,0,0,0,1,1,0.125,1,1,2,0.25,1,3,4,0.5,0,4,1,1
1197886,The Caswell at Runnymeade,B1,1277.578313253012,2870.6744186046512,135616,85,2,83,70,0,1,1,0.012048192771084338,1,0,1,0.012048192771084338,1,5,6,0.07228915662650602,24,11,35,0.42168674698795183,26,17,43,0.5180722891566265,0.27710843373493976,40,2,2
1197886,The Caswell at Runnymeade,B1.2,1289,2881,9789,7,0,7,6,0,0,0,0,0,0,0,0,0,0,0,0,2,1,3,0.42857142857142855,2,1,3,0.42857142857142855,0.14285714285714285,4,2,2
1197886,The Caswell at Runnymeade,B2,1365,2326.4736842105262,64373,38,0,38,29,0,0,0,0,0,0,0,0,1,0,1,0.02631578947368421,9,9,18,0.47368421052631576,10,9,19,0.5,0.15789473684210525,19,2,2
1197886,The Caswell at Runnymeade,B3.1,1260,2881,3341,4,0,4,3,0,0,0,0,0,0,0,0,0,0,0,0,1,0,1,0.25,1,0,1,0.25,0,3,2,2
1197886,The Caswell at Runnymeade,B3.3,1307,2889,3819,2,0,2,1,0,0,0,0,0,0,0,0,0,0,0,0,1,0,1,0.5,1,0,1,0.5,0.5,1,2,2
1197886,The Caswell at Runnymeade,C1,1660,3621.1428571428573,25302,16,0,16,14,0,0,0,0,0,0,0,0,1,0,1,0.0625,4,2,6,0.375,5,2,7,0.4375,0.125,9,3,2
1197886,The Caswell at Runnymeade,C2,1595,3571.133333333333,63075,32,0,32,28,1,0,1,0.03125,0,0,0,0,0,1,1,0.03125,6,7,13,0.40625,7,8,15,0.46875,0.09375,17,3,2
1197886,The Caswell at Runnymeade,Not Selected,0,0,0,0,0,0,0,0,0,0,0,0,0,0,0,0,0,0,0,0,0,0,0,0,0,0,0,0,0,NA,NA
833617,The Dean Campustown,A1,533,1966.7857142857142,29795,14,0,14,13,0,0,0,0,0,0,0,0,0,0,0,0,10,4,14,1,10,4,14,1,-0.0714285714285714,0,1,1
833617,The Dean Campustown,A2 Deluxe,133,2107.8571428571427,30475,28,0,28,28,0,0,0,0,0,0,0,0,0,0,0,0,14,14,28,1,14,14,28,1,-0.0714285714285714,0,1,1
833617,The Dean Campustown,B1,184,1356.25,37850,28,0,28,28,0,0,0,0,0,0,0,0,0,0,0,0,22,6,28,1,22,6,28,1,0.0714285714285714,0,2,1
833617,The Dean Campustown,B2,222,1486.111111111111,39250,28,0,28,28,0,0,0,0,1,0,1,0.03571428571428571,0,0,0,0,17,9,26,0.9285714285714286,18,9,27,0.9642857142857143,0,1,2,2
833617,The Dean Campustown,B3 XL,66,1666.6666666666667,39475,56,0,56,56,0,2,2,0.03571428571428571,0,0,0,0,2,0,2,0.03571428571428571,20,24,44,0.7857142857142857,22,26,48,0.8571428571428571,0.1428571428571428,8,2,2
833617,The Dean Campustown,B4 XL,73,1315.8333333333333,41915,56,0,56,56,0,2,2,0.03571428571428571,0,2,2,0.03571428571428571,0,0,0,0,6,38,44,0.7857142857142857,6,42,48,0.8571428571428571,0.0357142857142857,8,2,2
833617,The Dean Campustown,D1,70,1146.341463414634,43425,56,0,56,48,0,0,0,0,0,0,0,0,0,0,0,0,23,18,41,0.7321428571428571,23,18,41,0.7321428571428571,0.08928571428571419,15,4,2
833617,The Dean Campustown,D2,71,1164.8148148148148,29400,56,0,56,55,1,1,2,0.03571428571428571,0,0,0,0,0,0,0,0,17,8,25,0.44642857142857145,18,9,27,0.48214285714285715,-0.12499999999999994,29,4,2
833617,The Dean Campustown,D3,81,1196.875,27425,56,0,56,53,0,1,1,0.017857142857142856,1,0,1,0.017857142857142856,0,0,0,0,13,9,22,0.39285714285714285,14,10,24,0.42857142857142855,-0.035714285714285754,32,4,4
833617,The Dean Campustown,D4,81,1161.607142857143,33300,56,0,56,56,0,0,0,0,2,0,2,0.03571428571428571,0,0,0,0,19,7,26,0.4642857142857143,21,7,28,0.5,-0.0892857142857143,28,4,4
833617,The Dean Campustown,D5,84,1200.7142857142858,42800,56,0,56,56,0,0,0,0,0,0,0,0,0,0,0,0,23,12,35,0.625,23,12,35,0.625,-0.0892857142857143,21,4,4
833617,The Dean Campustown,M1,374.6666666666667,1761.860465116279,72755,84,0,84,82,0,2,2,0.023809523809523808,0,0,0,0,0,0,0,0,14,27,41,0.4880952380952381,14,29,43,0.5119047619047619,0.13095238095238093,41,NA,1
833617,The Dean Campustown,Not Selected,0,0,0,0,0,0,0,0,0,0,0,0,0,0,0,0,0,0,0,0,0,0,0,0,0,0,0,0,0,NA,NA
833617,The Dean Campustown,S1,456,1741.3793103448277,56825,42,0,42,41,0,1,1,0.023809523809523808,0,0,0,0,0,0,0,0,8,20,28,0.6666666666666666,8,21,29,0.6904761904761905,-0.04761904761904767,13,NA,1
833617,The Dean Campustown,S2,466,1763.6666666666667,30920,28,0,28,28,0,2,2,0.07142857142857142,0,0,0,0,0,0,0,0,0,13,13,0.4642857142857143,0,15,15,0.5357142857142857,0.0714285714285714,13,NA,1
833617,The Dean Campustown,S3 XL,154,1730,17820,28,0,28,28,2,0,2,0.07142857142857142,0,0,0,0,0,0,0,0,2,12,14,0.5,4,12,16,0.5714285714285714,0.0714285714285714,12,1,1
1197887,The Dean Reno,A1,575,2320,4755,1,0,1,1,0,0,0,0,1,0,1,1,0,0,0,0,1,0,1,1,2,0,2,2,1,0,1,1
1197887,The Dean Reno,B1,375,1926.6842105263158,47648,36,0,36,35,1,1,2,0.05555555555555555,1,0,1,0.027777777777777776,0,0,0,0,16,19,35,0.9722222222222222,18,20,38,1.0555555555555556,0.7222222222222223,0,2,2
1197887,The Dean Reno,B2,430,1150.1666666666667,40946,34,0,34,33,1,1,2,0.058823529411764705,0,0,0,0,0,0,0,0,10,18,28,0.8235294117647058,11,19,30,0.8823529411764706,0.2647058823529411,4,2,2
1197887,The Dean Reno,C1,366,1365,2960,3,0,3,2,0,0,0,0,0,0,0,0,0,0,0,0,0,2,2,0.6666666666666666,0,2,2,0.6666666666666666,0.3333333333333333,1,3,3
1197887,The Dean Reno,D1,313,886.5254237288135,113178,180,0,180,156,14,3,17,0.09444444444444444,15,0,15,0.08333333333333333,3,0,3,0.016666666666666666,51,32,83,0.46111111111111114,83,35,118,0.6555555555555556,0.4222222222222222,62,4,4
1197887,The Dean Reno,D2,312,959.3877551020408,49210,140,0,140,115,3,2,5,0.03571428571428571,2,0,2,0.014285714285714285,0,1,1,0.007142857142857143,7,34,41,0.29285714285714287,12,37,49,0.35,0.1714285714285714,91,4,4
1197887,The Dean Reno,D3,314,890.2631578947369,18645,64,0,64,47,2,0,2,0.03125,2,0,2,0.03125,0,0,0,0,7,8,15,0.234375,11,8,19,0.296875,0.078125,45,4,4
1197887,The Dean Reno,D4,283,852.0833333333334,23605,45,0,45,26,1,2,3,0.06666666666666667,0,0,0,0,0,0,0,0,2,19,21,0.4666666666666667,3,21,24,0.5333333333333333,0.4222222222222222,21,4,4
1197887,The Dean Reno,D5,285,871.3888888888889,16415,36,0,36,31,2,0,2,0.05555555555555555,0,0,0,0,0,0,0,0,11,5,16,0.4444444444444444,13,5,18,0.5,0.19444444444444442,18,4,3
1197887,The Dean Reno,E1,277,891.1666666666666,27140,90,0,90,74,0,3,3,0.03333333333333333,0,0,0,0,0,0,0,0,10,17,27,0.3,10,20,30,0.3333333333333333,0.055555555555555525,60,5,3
1197887,The Dean Reno,E1 Alt,277,780.9090909090909,10435,45,0,45,32,0,1,1,0.022222222222222223,0,0,0,0,0,0,0,0,1,9,10,0.2222222222222222,1,10,11,0.24444444444444444,0.08888888888888888,34,5,3
1197887,The Dean Reno,E2,252,877.7083333333334,20485,54,0,54,43,2,0,2,0.037037037037037035,3,0,3,0.05555555555555555,0,0,0,0,9,10,19,0.35185185185185186,14,10,24,0.4444444444444444,-0.14814814814814814,30,5,3
1197887,The Dean Reno,E3,274,835,13040,45,0,45,41,0,2,2,0.044444444444444446,0,0,0,0,0,0,0,0,10,2,12,0.26666666666666666,10,4,14,0.3111111111111111,0.13333333333333333,31,5,3
1197887,The Dean Reno,Not Selected,0,0,0,0,0,0,0,0,0,0,0,0,0,0,0,0,0,0,0,0,0,0,0,0,0,0,0,0,0,NA,NA
518046,The Rise at Northgate,A1,558.1111111111111,1894.3333333333333,58800,36,0,36,36,0,0,0,0,0,0,0,0,0,1,1,0.027777777777777776,4,25,29,0.8055555555555556,4,26,30,0.8333333333333334,-0.05555555555555547,6,1,1
518046,The Rise at Northgate,A2,543,1815,3820,4,0,4,4,0,0,0,0,0,0,0,0,0,0,0,0,0,2,2,0.5,0,2,2,0.5,-0.5,2,1,1
518046,The Rise at Northgate,A3,800,2500,2600,1,0,1,1,0,0,0,0,0,0,0,0,1,0,1,1,0,0,0,0,1,0,1,1,1,0,1,1
518046,The Rise at Northgate,B1,435.14285714285717,1181.547619047619,55530,42,0,42,42,0,0,0,0,1,0,1,0.023809523809523808,0,0,0,0,21,20,41,0.9761904761904762,22,20,42,1,0.09523809523809523,0,2,2
518046,The Rise at Northgate,B2,500,1470,6170,4,0,4,4,0,0,0,0,0,0,0,0,0,0,0,0,0,4,4,1,0,4,4,1,0.25,0,2,2
518046,The Rise at Northgate,B3,591,1440,3135,2,0,2,2,0,0,0,0,0,0,0,0,0,0,0,0,0,2,2,1,0,2,2,1,0,0,2,2
518046,The Rise at Northgate,C1,400,1215,2645,3,0,3,3,0,0,0,0,0,0,0,0,0,0,0,0,0,2,2,0.6666666666666666,0,2,2,0.6666666666666666,-0.33333333333333337,1,3,4
518046,The Rise at Northgate,D1,345.14285714285717,1095,205525,252,0,252,252,3,0,3,0.011904761904761904,2,0,2,0.007936507936507936,8,0,8,0.031746031746031744,65,108,173,0.6865079365079365,78,108,186,0.7380952380952381,-0.11111111111111105,66,4,4
518046,The Rise at Northgate,D2,428,1100,4710,4,0,4,4,0,0,0,0,0,0,0,0,0,0,0,0,1,3,4,1,1,3,4,1,0,0,4,4
518046,The Rise at Northgate,D3,347,1095.909090909091,37070,40,0,40,40,0,0,0,0,1,0,1,0.025,2,0,2,0.05,17,13,30,0.75,20,13,33,0.825,0,7,4,4
518046,The Rise at Northgate,E1,300,986.6666666666666,15485,15,0,15,15,0,0,0,0,0,0,0,0,0,0,0,0,3,12,15,1,3,12,15,1,0.06666666666666665,0,5,5
518046,The Rise at Northgate,E2,300,925.3448275862069,30650,30,0,30,30,0,0,0,0,0,0,0,0,0,0,0,0,9,20,29,0.9666666666666667,9,20,29,0.9666666666666667,0.033333333333333326,1,5,5
518046,The Rise at Northgate,E3,300,1003.3333333333334,6380,5,0,5,5,0,0,0,0,1,0,1,0.2,0,0,0,0,4,1,5,1,5,1,6,1.2,0.19999999999999996,0,5,5
518046,The Rise at Northgate,F1,350,891.6666666666666,5650,6,0,6,6,0,0,0,0,0,0,0,0,0,0,0,0,2,4,6,1,2,4,6,1,0.5,0,6,6
518046,The Rise at Northgate,Not Selected,0,0,0,0,0,0,0,0,0,0,0,0,0,0,0,0,0,0,0,0,0,0,0,0,0,0,0,0,0,NA,NA
518046,The Rise at Northgate,S1,450,1742.5,35205,21,0,21,21,0,0,0,0,0,0,0,0,1,0,1,0.047619047619047616,8,11,19,0.9047619047619048,9,11,20,0.9523809523809523,0.33333333333333326,1,1,1
1143679,Torre,A1,630,3000,8800,3,0,3,3,0,0,0,0,0,0,0,0,0,0,0,0,1,2,3,1,1,2,3,1,0,0,1,1
1143679,Torre,A2,665,2680,2880,1,0,1,1,0,0,0,0,0,0,0,0,0,0,0,0,0,1,1,1,0,1,1,1,0,0,1,1
1143679,Torre,B1,394,1820,3640,2,0,2,2,1,0,1,0.5,0,0,0,0,0,0,0,0,1,0,1,0.5,2,0,2,1,0,0,2,2
1143679,Torre,B2,424,1850,3640,10,0,10,9,0,0,0,0,0,0,0,0,0,0,0,0,1,1,2,0.2,1,1,2,0.2,-0.49999999999999994,8,2,2
1143679,Torre,B3,420,1925,8150,4,0,4,3,0,0,0,0,0,0,0,0,0,0,0,0,1,3,4,1,1,3,4,1,0.25,0,2,2
1143679,Torre,B4,461,2000,4200,2,0,2,2,0,0,0,0,0,0,0,0,0,0,0,0,0,2,2,1,0,2,2,1,0,0,2,2
1143679,Torre,B5 - SHARED,229,991.9444444444445,17135,44,0,44,43,1,2,3,0.06818181818181818,0,0,0,0,0,0,0,0,5,10,15,0.3409090909090909,6,12,18,0.4090909090909091,-0.15909090909090912,26,2,2
1143679,Torre,B5.2 DELUXE,229,1900,3520,12,0,12,6,0,0,0,0,0,0,0,0,0,0,0,0,4,0,4,0.3333333333333333,4,0,4,0.3333333333333333,0.3333333333333333,8,2,2
1143679,Torre,B6 DELUXE,227,2025,8020,36,0,36,30,0,0,0,0,0,2,2,0.05555555555555555,0,0,0,0,4,2,6,0.16666666666666666,4,4,8,0.2222222222222222,-0.02777777777777779,28,2,2
1143679,Torre,B7 - SEMI-SHARED,318,960,6910,12,0,12,8,0,0,0,0,0,0,0,0,0,0,0,0,1,7,8,0.6666666666666666,1,7,8,0.6666666666666666,0,4,2,2
1143679,Torre,B8 DELUXE,246,1760,3520,28,0,28,18,2,0,2,0.07142857142857142,0,0,0,0,2,0,2,0.07142857142857142,0,0,0,0,4,0,4,0.14285714285714285,-0.07142857142857142,24,2,2
1143679,Torre,B9 - SHARED,240,733.4782608695652,20540,24,0,24,24,0,0,0,0,0,0,0,0,0,0,0,0,13,10,23,0.9583333333333334,13,10,23,0.9583333333333334,0.125,1,2,2
1143679,Torre,C1,328,1610,1615,3,0,3,3,0,0,0,0,0,0,0,0,0,0,0,0,0,1,1,0.3333333333333333,0,1,1,0.3333333333333333,-0.6666666666666667,2,3,3
1143679,Torre,C2 - SEMI-SHARED,266,1580,1215,16,0,16,11,0,0,0,0,0,0,0,0,0,0,0,0,0,1,1,0.0625,0,1,1,0.0625,-0.0625,15,3,3
1143679,Torre,C3,391,1655,32785,21,0,21,21,0,0,0,0,0,0,0,0,0,0,0,0,9,10,19,0.9047619047619048,9,10,19,0.9047619047619048,0,2,3,3
1143679,Torre,D1,286,0,0,28,0,28,21,0,0,0,0,0,0,0,0,0,0,0,0,0,0,0,0,0,0,0,0,-0.21428571428571427,28,4,4
1143679,Torre,D2 - SEMI-SHARED,287,1355,3070,5,0,5,4,1,0,1,0.2,0,0,0,0,0,0,0,0,1,0,1,0.2,2,0,2,0.4,-0.19999999999999996,3,4,4
1143679,Torre,D3 - SEMI-SHARED,248,1715,1270,12,0,12,9,1,0,1,0.08333333333333333,0,0,0,0,0,0,0,0,0,0,0,0,1,0,1,0.08333333333333333,0,11,4,4
1143679,Torre,D4 - SEMI-SHARED,288,0,0,12,0,12,10,0,0,0,0,0,0,0,0,0,0,0,0,0,0,0,0,0,0,0,0,0,12,4,4
1143679,Torre,Not Selected,0,0,0,0,0,0,0,0,0,0,0,0,0,0,0,0,0,0,0,0,0,0,0,0,0,0,0,0,0,NA,NA
1143679,Torre,S1,330,0,1386,1,0,1,1,0,0,0,0,0,0,0,0,0,0,0,0,0,1,1,1,0,1,1,1,0,0,NA,1
1143679,Torre,S2,397,1101.2857142857142,17639,14,0,14,14,0,0,0,0,0,0,0,0,0,0,0,0,1,13,14,1,1,13,14,1,0.1428571428571429,0,NA,1
1143679,Torre,TH - C1,499,1535,7853,6,0,6,6,0,0,0,0,0,0,0,0,0,0,0,0,3,2,5,0.8333333333333334,3,2,5,0.8333333333333334,0.5,1,3,3
1143679,Torre,TH - C2,384,1535,7603,6,0,6,5,0,0,0,0,0,0,0,0,0,0,0,0,3,2,5,0.8333333333333334,3,2,5,0.8333333333333334,0,1,3,3
1143679,Torre,TH - C3,395,1750,5750,3,0,3,3,0,0,0,0,0,0,0,0,0,0,0,0,3,0,3,1,3,0,3,1,1,0,3,3
1143679,Torre,TH - C3.1,395,3500,5750,3,0,3,3,0,0,0,0,0,0,0,0,0,0,0,0,3,0,3,1,3,0,3,1,0,0,3,3
1143679,Torre,TH - C4,401,1535,16669,12,0,12,12,1,0,1,0.08333333333333333,1,0,1,0.08333333333333333,0,0,0,0,2,7,9,0.75,4,7,11,0.9166666666666666,0.41666666666666663,1,3,3
1143679,Torre,TH - D1,352,1523.5185185185185,83180,56,0,56,55,0,0,0,0,2,0,2,0.03571428571428571,0,0,0,0,31,21,52,0.9285714285714286,33,21,54,0.9642857142857143,0.1964285714285714,2,4,4
1143679,Torre,TH - D1.2,363,1150.4347826086957,34592,32,0,32,32,0,0,0,0,0,0,0,0,0,0,0,0,5,18,23,0.71875,5,18,23,0.71875,0,9,4,4
1143679,Torre,TH - D2,417,1487.142857142857,11119,8,0,8,8,0,0,0,0,0,0,0,0,0,0,0,0,2,5,7,0.875,2,5,7,0.875,0,1,4,4
1143679,Torre,TH - D3,409,757.5,5980,4,0,4,4,0,0,0,0,0,0,0,0,0,0,0,0,2,2,4,1,2,2,4,1,0,0,4,4
1143679,Torre,TH - D4 - SEMI-SHARED,335,780.625,10980,10,0,10,10,0,1,1,0.1,0,0,0,0,0,0,0,0,4,3,7,0.7,4,4,8,0.8,-0.19999999999999996,2,4,4
1143679,Torre,TH - D5,431.5,1211.5625,23649,16,0,16,16,0,0,0,0,0,0,0,0,0,0,0,0,6,10,16,1,6,10,16,1,0.0625,0,4,4
1143679,Torre,TH - D6 - SEMI-SHARED,350,1217.0833333333333,16852,15,0,15,12,0,0,0,0,0,0,0,0,0,0,0,0,3,9,12,0.8,3,9,12,0.8,0,3,4,4
1143679,Torre,TH - D8 - SEMI-SHARED,301,1595,0,6,0,6,6,0,0,0,0,0,0,0,0,0,0,0,0,0,6,6,1,0,6,6,1,0.16666666666666663,0,4,4
1143679,Torre,TH - D9,375,1487.5,20875,15,0,15,15,1,0,1,0.06666666666666667,0,0,0,0,0,0,0,0,8,5,13,0.8666666666666667,9,5,14,0.9333333333333333,0,1,5,5
1143679,Torre,TH - E1,360,1480,13910,10,0,10,10,0,0,0,0,0,0,0,0,0,0,0,0,6,3,9,0.9,6,3,9,0.9,0,1,5,5
1143679,Torre,TH - F1,370,1536.4285714285713,10823,18,0,18,18,1,0,1,0.05555555555555555,0,0,0,0,0,0,0,0,3,3,6,0.3333333333333333,4,3,7,0.3888888888888889,-0.3333333333333333,11,6,6
1143679,Torre,TH - F2,388,1655,9930,6,0,6,6,0,0,0,0,0,0,0,0,0,0,0,0,6,0,6,1,6,0,6,1,0,0,6,6
1143679,Torre,TH - F3,401,1555,1599,6,0,6,4,0,0,0,0,0,0,0,0,0,0,0,0,0,1,1,0.16666666666666666,0,1,1,0.16666666666666666,-0.5,5,6,6
1143679,Torre,TH - F4,419,1510.6666666666667,22277,18,0,18,16,0,0,0,0,0,0,0,0,0,0,0,0,12,3,15,0.8333333333333334,12,3,15,0.8333333333333334,0.05555555555555558,3,6,6
1143679,Torre,TH - F5,429,1491.3333333333333,24885,18,0,18,16,0,0,0,0,1,0,1,0.05555555555555555,0,0,0,0,12,2,14,0.7777777777777778,13,2,15,0.8333333333333334,0.11111111111111116,3,6,6
1311849,Venue at North Campus,A,455,1749,3610,6,0,6,6,0,0,0,0,0,0,0,0,0,0,0,0,0,2,2,0.3333333333333333,0,2,2,0.3333333333333333,0.16666666666666666,4,NA,1
1311849,Venue at North Campus,B,205,1200,35515,96,0,96,91,0,1,1,0.010416666666666666,1,0,1,0.010416666666666666,0,0,0,0,0,26,26,0.2708333333333333,1,27,28,0.2916666666666667,-0.03125,68,2,2
1311849,Venue at North Campus,D1,83.671875,975.2325581395348,45764,256,0,256,217,2,3,5,0.01953125,0,0,0,0,0,0,0,0,11,27,38,0.1484375,13,30,43,0.16796875,-0.2265625,213,4,4
1311849,Venue at North Campus,D2,91,995,7585,64,0,64,50,0,0,0,0,0,0,0,0,0,0,0,0,0,7,7,0.109375,0,7,7,0.109375,-0.125,57,4,4
1311849,Venue at North Campus,D3,88,985,37276,192,0,192,150,0,0,0,0,1,0,1,0.005208333333333333,0,0,0,0,5,29,34,0.17708333333333334,6,29,35,0.18229166666666666,-0.03645833333333334,157,4,4
1311849,Venue at North Campus,E,82,990.421052631579,103670,120,0,120,116,2,5,7,0.058333333333333334,5,0,5,0.041666666666666664,1,0,1,0.008333333333333333,35,47,82,0.6833333333333333,43,52,95,0.7916666666666666,0.08333333333333326,25,5,5
1311849,Venue at North Campus,Not Selected,0,0,0,0,0,0,0,0,0,0,0,0,0,0,0,0,0,0,0,0,0,0,0,0,0,0,0,0,0,NA,NA
