fees,amount,frequency,property_id,property_name,leasing_week
Application Fee,0,Monthly,739085,1047 Commonwealth Avenue,2024-12-01
Administration Fee,0,Monthly,739085,1047 Commonwealth Avenue,2024-12-01
Utility Set Up Fee,0,Monthly,739085,1047 Commonwealth Avenue,2024-12-01
Utility Deposit,0,Monthly,739085,1047 Commonwealth Avenue,2024-12-01
Amenity Fee,0,Monthly,739085,1047 Commonwealth Avenue,2024-12-01
Common Area Fee,0,Monthly,739085,1047 Commonwealth Avenue,2024-12-01
Smart Home Fee,0,Monthly,739085,1047 Commonwealth Avenue,2024-12-01
Restoration Fee,0,Monthly,739085,1047 Commonwealth Avenue,2024-12-01
Security Deposit,1000,Monthly,739085,1047 Commonwealth Avenue,2024-12-01
Pet Fee,0,Monthly,739085,1047 Commonwealth Avenue,2024-12-01
Pet Deposit,0,Monthly,739085,1047 Commonwealth Avenue,2024-12-01
Pet Rent,0,Monthly,739085,1047 Commonwealth Avenue,2024-12-01
