property_id,property_name,property,unit_type,unit_type_subtotal,avg_sqft,avg_advertised_rate,units,excluded_unit_count,rentable_unit_count,avg_scheduled_rent,occupied_count,started_new_count_prior,started_new_count,started_renewal_count_prior,started_renewal_count,started_count_prior,started_count,started_percent,partially_completed_new_count_prior,partially_completed_new_count,partially_completed_renewal_count_prior,partially_completed_renewal_count,partially_completed_count_prior,partially_completed_count,partially_completed_percent,completed_new_count_prior,completed_new_count,completed_renewal_count_prior,completed_renewal_count,completed_count_prior,completed_count,completed_percent,approved_new_count_prior,approved_new_count,approved_renewal_count_prior,approved_renewal_count,approved_count_prior,approved_count,approved_percent,preleased_new_count_prior,preleased_new_count,preleased_renewal_count_prior,preleased_renewal_count,preleased_count_prior,preleased_count,preleased_percent_prior,preleased_percent,variance,available_count,scheduled_rent_total,number_of_bedrooms,number_of_bathrooms
739076,1008 S. 4th,1008 S. 4th,B1,B1,316,1000,8,0,8,1006.875,8,0,0,0,0,0,0,0,1,0,0,0,1,0,0,0,0,0,0,0,0,0,3,5,3,3,6,8,1,4,5,3,3,7,8,0.875,1,0.125,0,8055,NA,NA
739076,1008 S. 4th,1008 S. 4th,B2,B2,315,1000,8,0,8,1025,8,0,0,0,0,0,0,0,2,1,0,0,2,1,0.125,0,0,0,0,0,0,0,1,7,3,0,4,7,0.875,3,8,3,0,6,8,0.75,1,0.25,0,8200,NA,NA
739076,1008 S. 4th,1008 S. 4th,B3,B3,377,1161.3636363636363,10,0,10,1164.090909090909,9,0,0,0,0,0,0,0,2,1,0,0,2,1,0.1,0,0,0,0,0,0,0,4,5,4,5,8,10,1,6,6,4,5,10,11,1,1.1,0.10000000000000009,-1,12805,NA,NA
739076,1008 S. 4th,1008 S. 4th,B4,B4,462,1140,2,0,2,1187.5,2,0,0,0,0,0,0,0,1,0,0,0,1,0,0,0,0,0,0,0,0,0,0,2,1,0,1,2,1,1,2,1,0,2,2,1,1,0,0,2375,NA,NA
739076,1008 S. 4th,1008 S. 4th,B5,B5,464,1150,2,0,2,1197.5,2,0,0,0,0,0,0,0,0,0,0,0,0,0,0,0,0,0,0,0,0,0,2,2,0,0,2,2,1,2,2,0,0,2,2,1,1,0,0,2395,NA,NA
739076,1008 S. 4th,1008 S. 4th,C1,C1,328,937.5,12,0,12,940.4166666666666,12,0,0,0,0,0,0,0,4,0,0,0,4,0,0,0,0,0,0,0,0,0,5,3,3,9,8,12,1,9,3,3,9,12,12,1,1,0,0,11285,NA,NA
739076,1008 S. 4th,1008 S. 4th,D1,D1,276,858.3333333333334,16,0,16,869.6666666666666,16,0,0,0,0,0,0,0,3,0,0,0,3,0,0,0,0,0,0,0,0,0,4,10,9,5,13,15,0.9375,7,10,9,5,16,15,1,0.9375,-0.0625,1,13045,NA,NA
739076,1008 S. 4th,1008 S. 4th,D1 Balcony,D1 Balcony,276,880,16,0,16,875,16,0,0,0,0,0,0,0,3,0,0,0,3,0,0,0,0,0,0,0,0,0,7,12,4,4,11,16,1,10,12,4,4,14,16,0.875,1,0.125,0,14000,NA,NA
739076,1008 S. 4th,1008 S. 4th,D2,D2,306,899.2708333333334,48,0,48,926.9791666666666,48,0,0,0,0,0,0,0,9,1,1,0,10,1,0.020833333333333332,0,1,0,0,0,1,0.020833333333333332,22,25,14,21,36,46,0.9583333333333334,31,27,15,21,46,48,0.9583333333333334,1,0.04166666666666663,0,44495,NA,NA
739076,1008 S. 4th,1008 S. 4th,D3 Balcony,D3 Balcony,345,983.75,12,0,12,1006.25,10,0,0,0,0,0,0,0,1,0,0,0,1,0,0,0,0,0,0,0,0,0,7,12,2,0,9,12,1,8,12,2,0,10,12,0.8333333333333334,1,0.16666666666666663,0,12075,NA,NA
739076,1008 S. 4th,1008 S. 4th,M1 Murphy,M1 Murphy,321,1210,4,0,4,1208.75,4,0,0,0,0,0,0,0,0,0,0,0,0,0,0,1,0,0,0,1,0,0,2,2,0,2,2,4,1,3,2,0,2,3,4,0.75,1,0.25,0,4835,NA,NA
739076,1008 S. 4th,1008 S. 4th,M1 Murphy Balcony,M1 Murphy Balcony,319,1244.090909090909,12,0,12,1246.3636363636363,12,0,0,0,0,0,0,0,1,0,0,0,1,0,0,1,0,0,0,1,0,0,8,7,2,4,10,11,0.9166666666666666,10,7,2,4,12,11,1,0.9166666666666666,-0.08333333333333337,1,13710,NA,NA
739076,1008 S. 4th,1008 S. 4th,S1,S1,432,1306.25,4,0,4,1353.75,4,0,0,0,0,0,0,0,1,0,0,0,1,0,0,0,0,0,0,0,0,0,2,3,1,1,3,4,1,3,3,1,1,4,4,1,1,0,0,5415,NA,NA
739076,1008 S. 4th,1008 S. 4th,S2,S2,406,1021.25,4,0,4,1380,4,0,0,0,0,0,0,0,0,0,0,0,0,0,0,0,0,0,0,0,0,0,2,3,2,1,4,4,1,2,3,2,1,4,4,1,1,0,0,5520,NA,NA
739085,1047 Commonwealth Avenue,1047 Commonwealth Avenue,Not Selected,Not Selected,0,0,0,0,0,0,0,0,0,0,0,0,0,0,0,0,0,0,0,0,0,0,0,0,0,0,0,0,0,0,0,0,0,0,0,0,0,0,0,0,0,0,0,0,0,0,NA,NA
739085,1047 Commonwealth Avenue,1047 Commonwealth Avenue,S1,S1,308.16,2895,25,0,25,2850,24,1,0,0,1,1,1,0.04,0,0,0,0,0,0,0,1,0,0,0,1,0,0,3,0,8,4,11,4,0.16,5,0,8,5,13,5,0.52,0.2,-0.32,20,14250,0,1
739085,1047 Commonwealth Avenue,1047 Commonwealth Avenue,S2,S2,317.5,2950,12,0,12,2915,11,0,0,0,0,0,0,0,0,0,0,0,0,0,0,0,0,0,0,0,0,0,0,0,4,2,4,2,0.16666666666666666,0,0,4,2,4,2,0.3333333333333333,0.16666666666666666,-0.16666666666666666,10,5830,0,1
739085,1047 Commonwealth Avenue,1047 Commonwealth Avenue,S3,S3,342.5882352941176,3065,51,0,51,3064.4444444444443,46,0,0,0,2,0,2,0.0392156862745098,0,0,0,0,0,0,0,2,0,0,0,2,0,0,0,0,10,7,10,7,0.13725490196078433,2,0,10,9,12,9,0.23529411764705882,0.17647058823529413,-0.05882352941176469,42,27580,0,1
739085,1047 Commonwealth Avenue,1047 Commonwealth Avenue,S4,S4,323.25,0,8,0,8,0,8,0,0,0,0,0,0,0,0,0,0,0,0,0,0,0,0,0,0,0,0,0,1,0,2,0,3,0,0,1,0,2,0,3,0,0.375,0,-0.375,8,0,0,1
739085,1047 Commonwealth Avenue,1047 Commonwealth Avenue,S5,S5,346.4,3150,10,0,10,3100,9,0,0,0,0,0,0,0,0,0,0,0,0,0,0,0,0,0,0,0,0,0,0,0,3,1,3,1,0.1,0,0,3,1,3,1,0.3,0.1,-0.19999999999999998,9,3100,0,1
739085,1047 Commonwealth Avenue,1047 Commonwealth Avenue,S6,S6,360.55172413793105,3350,29,0,29,3325,29,0,0,0,0,0,0,0,0,0,0,0,0,0,0,0,0,0,0,0,0,0,1,0,7,4,8,4,0.13793103448275862,1,0,7,4,8,4,0.27586206896551724,0.13793103448275862,-0.13793103448275862,25,13300,NA,1
739085,1047 Commonwealth Avenue,1047 Commonwealth Avenue,S7,S7,442,0,4,0,4,0,3,0,0,0,0,0,0,0,0,0,0,0,0,0,0,0,0,0,0,0,0,0,0,0,1,0,1,0,0,0,0,1,0,1,0,0.25,0,-0.25,4,0,0,1
739085,1047 Commonwealth Avenue,1047 Commonwealth Avenue,S8,S8,348.8181818181818,3350,11,0,11,3325,4,0,0,0,0,0,0,0,0,0,0,0,0,0,0,0,0,0,0,0,0,0,0,0,2,1,2,1,0.09090909090909091,0,0,2,1,2,1,0.18181818181818182,0.09090909090909091,-0.09090909090909091,10,3325,0,1
739085,1047 Commonwealth Avenue,1047 Commonwealth Avenue,S9,S9,402.8,3950,5,0,5,3950,4,0,0,0,0,0,0,0,0,0,0,0,0,0,0,0,0,0,0,0,0,0,0,0,0,1,0,1,0.2,0,0,0,1,0,1,0,0.2,0.2,4,3950,0,1
739085,1047 Commonwealth Avenue,1047 Commonwealth Avenue,S10,S10,528,0,4,0,4,0,2,0,0,0,0,0,0,0,0,0,0,0,0,0,0,0,0,0,0,0,0,0,0,0,1,0,1,0,0,0,0,1,0,1,0,0.25,0,-0.25,4,0,0,1
739085,1047 Commonwealth Avenue,1047 Commonwealth Avenue,S11,S11,348.9166666666667,1201.3333333333333,24,0,24,969.1111111111111,23,0,0,0,0,0,0,0,0,0,0,0,0,0,0,0,0,0,0,0,0,0,4,4,3,5,7,9,0.375,4,4,3,5,7,9,0.2916666666666667,0.375,0.08333333333333331,15,8722,0,1
739079,307 E. Daniel,307 E. Daniel,D1,D1,385,989.7297297297297,40,0,40,1034.4594594594594,40,0,0,0,1,0,1,0.025,6,1,0,0,6,1,0.025,0,0,0,0,0,0,0,17,25,15,10,32,35,0.875,23,26,15,11,38,37,0.95,0.925,-0.02499999999999991,3,38275,4,4
739080,501 S. 6th,501 S. 6th,B1,B1,573,955,2,0,2,990,2,0,0,0,0,0,0,0,0,0,0,0,0,0,0,0,0,0,0,0,0,0,0,2,2,0,2,2,1,0,2,2,0,2,2,1,1,0,0,1980,NA,NA
739080,501 S. 6th,501 S. 6th,B2,B2,590,975,2,0,2,970,2,0,0,0,0,0,0,0,0,0,0,0,0,0,0,0,0,0,0,0,0,0,0,1,2,1,2,2,1,0,1,2,1,2,2,1,1,0,0,1940,NA,NA
739080,501 S. 6th,501 S. 6th,C1,C1,444.75,987.5,12,0,12,993.5,12,0,0,0,0,0,0,0,2,1,0,0,2,1,0.08333333333333333,1,0,0,0,1,0,0,7,8,0,1,7,9,0.75,10,9,0,1,10,10,0.8333333333333334,0.8333333333333334,0,2,9935,NA,NA
739080,501 S. 6th,501 S. 6th,C2,C2,448,1017.5,12,0,12,1035,12,0,0,0,0,0,0,0,1,0,0,0,1,0,0,0,0,0,0,0,0,0,8,12,3,0,11,12,1,9,12,3,0,12,12,1,1,0,0,12420,NA,NA
739080,501 S. 6th,501 S. 6th,D1,D1,434,748.75,16,0,16,759.6875,16,0,0,0,0,0,0,0,1,0,0,0,1,0,0,0,0,0,0,0,0,0,2,13,13,3,15,16,1,3,13,13,3,16,16,1,1,0,0,12155,NA,NA
739080,501 S. 6th,501 S. 6th,D2,D2,366,776.5625,16,0,16,784.6875,16,0,0,0,0,0,0,0,4,0,0,0,4,0,0,0,0,0,0,0,0,0,4,10,7,6,11,16,1,8,10,7,6,15,16,0.9375,1,0.0625,0,12555,NA,NA
739080,501 S. 6th,501 S. 6th,D3 Townhome,D3 Townhome,483,875,4,0,4,862.5,4,0,0,0,0,0,0,0,1,0,0,0,1,0,0,0,0,0,0,0,0,0,3,0,0,4,3,4,1,4,0,0,4,4,4,1,1,0,0,3450,4,3
739080,501 S. 6th,501 S. 6th,E1 Townhome,E1 Townhome,452,868.75,20,0,20,872.25,20,0,0,0,0,0,0,0,2,1,0,0,2,1,0.05,0,0,0,0,0,0,0,5,19,11,0,16,19,0.95,7,20,11,0,18,20,0.9,1,0.09999999999999998,0,17445,NA,NA
739080,501 S. 6th,501 S. 6th,E2 Townhome,E2 Townhome,493,884.4117647058823,20,0,20,900.8823529411765,20,0,0,0,0,0,0,0,0,1,0,0,0,1,0.05,1,0,0,0,1,0,0,3,14,13,2,16,16,0.8,4,15,13,2,17,17,0.85,0.85,0,3,15315,NA,NA
739084,908 S. 1st,908 S. 1st,A1,A1,526.125,1210.4166666666667,16,0,16,1490,16,0,0,0,0,0,0,0,3,0,1,0,4,0,0,1,0,0,0,1,0,0,7,5,3,7,10,12,0.75,11,5,4,7,15,12,0.9375,0.75,-0.1875,4,17880,NA,NA
739084,908 S. 1st,908 S. 1st,B1,B1,307,930,8,0,8,941.875,8,0,0,0,0,0,0,0,2,0,0,0,2,0,0,0,0,0,0,0,0,0,4,8,2,0,6,8,1,6,8,2,0,8,8,1,1,0,0,7535,NA,NA
739084,908 S. 1st,908 S. 1st,B2,B2,315,955,16,0,16,981,16,0,0,0,0,0,0,0,0,0,0,0,0,0,0,0,0,0,0,0,0,0,10,3,6,2,16,5,0.3125,10,3,6,2,16,5,1,0.3125,-0.6875,11,4905,NA,NA
739084,908 S. 1st,908 S. 1st,B3,B3,457,896.875,8,0,8,1036.875,8,0,0,0,0,0,0,0,0,0,0,0,0,0,0,0,0,0,0,0,0,0,5,6,2,2,7,8,1,5,6,2,2,7,8,0.875,1,0.125,0,8295,NA,NA
739084,908 S. 1st,908 S. 1st,D1,D1,311,905,16,0,16,928.75,16,0,0,0,0,0,0,0,3,1,0,0,3,1,0.0625,0,0,0,0,0,0,0,3,11,10,0,13,11,0.6875,6,12,10,0,16,12,1,0.75,-0.25,4,11145,NA,NA
739084,908 S. 1st,908 S. 1st,M1 Murphy,M1 Murphy,319,1120,12,0,12,1137.5,11,0,0,0,0,0,0,0,1,0,1,0,2,0,0,0,0,0,0,0,0,0,5,9,4,3,9,12,1,6,9,5,3,11,12,0.9166666666666666,1,0.08333333333333337,0,13650,NA,NA
739084,908 S. 1st,908 S. 1st,M1 Murphy Balcony,M1 Murphy Balcony,333.5625,1101.5625,16,0,16,1216.5625,16,0,0,0,0,0,0,0,0,0,0,0,0,0,0,0,0,0,0,0,0,0,2,12,5,4,7,16,1,2,12,5,4,7,16,0.4375,1,0.5625,0,19465,NA,NA
739084,908 S. 1st,908 S. 1st,M2 Murphy,M2 Murphy,349,1220,4,0,4,1231.25,3,0,0,0,0,0,0,0,0,0,0,0,0,0,0,0,0,0,0,0,0,0,4,2,0,2,4,4,1,4,2,0,2,4,4,1,1,0,0,4925,NA,NA
641240,Academy 65,Academy 65,A1,A1,463,1815,10,0,10,1942,9,0,0,0,0,0,0,0,0,0,0,0,0,0,0,1,0,0,0,1,0,0,1,0,1,5,2,5,0.5,2,0,1,5,3,5,0.3,0.5,0.2,5,9710,1,1
641240,Academy 65,Academy 65,B1,B1,284.7142857142857,1320,21,0,21,1011.4285714285714,21,0,0,0,0,0,0,0,0,0,0,0,0,0,0,0,0,0,0,0,0,0,3,0,4,7,7,7,0.3333333333333333,3,0,4,7,7,7,0.3333333333333333,0.3333333333333333,0,14,7080,2,2
641240,Academy 65,Academy 65,B1 Semi-Shared,B1 Semi-Shared,249,795,21,0,21,950,21,0,0,0,0,0,0,0,0,0,0,0,0,0,0,0,0,0,0,0,0,0,3,0,1,8,4,8,0.38095238095238093,3,0,1,8,4,8,0.19047619047619047,0.38095238095238093,0.19047619047619047,13,7600,2,2
641240,Academy 65,Academy 65,C1 Study,C1 Study,389,0,3,0,3,0,3,0,0,0,0,0,0,0,0,0,0,0,0,0,0,0,0,0,0,0,0,0,2,0,0,0,2,0,0,2,0,0,0,2,0,0.6666666666666666,0,-0.6666666666666666,3,0,3,2.5
641240,Academy 65,Academy 65,D1 Balcony,D1 Balcony,276,935,40,0,40,964.1666666666666,37,0,0,0,0,0,0,0,0,0,0,0,0,0,0,0,0,0,0,0,0,0,16,0,1,6,17,6,0.15,16,0,1,6,17,6,0.425,0.15,-0.275,34,5785,4,2
641240,Academy 65,Academy 65,D2,D2,293.5,993.5714285714286,64,0,64,962.1428571428571,64,0,0,0,0,0,0,0,0,0,0,0,0,0,0,3,0,0,0,3,0,0,9,3,5,25,14,28,0.4375,12,3,5,25,17,28,0.265625,0.4375,0.171875,36,26940,4,4
641240,Academy 65,Academy 65,D3,D3,243,1015,20,0,20,760.7142857142857,20,0,0,0,0,0,0,0,0,0,0,0,0,0,0,0,0,0,0,0,0,0,0,0,4,7,4,7,0.35,0,0,4,7,4,7,0.2,0.35,0.14999999999999997,13,5325,4,4
641240,Academy 65,Academy 65,D3 Semi-Shared,D3 Semi-Shared,242.58333333333334,767.1739130434783,120,0,120,852.1739130434783,118,0,0,0,0,0,0,0,0,0,0,0,0,0,0,1,0,0,0,1,0,0,35,0,24,23,59,23,0.19166666666666668,36,0,24,23,60,23,0.5,0.19166666666666668,-0.30833333333333335,97,19600,4,4
641240,Academy 65,Academy 65,Not Selected,Not Selected,0,0,0,0,0,0,0,0,0,0,0,0,0,0,0,0,0,0,0,0,0,0,0,0,0,0,0,0,0,0,0,0,0,0,0,0,0,0,0,0,0,0,0,0,0,0,NA,NA
641240,Academy 65,Academy 65,S1,S1,396,1565,5,0,5,1645,5,0,0,0,0,0,0,0,0,0,0,0,0,0,0,0,0,0,0,0,0,0,1,0,2,2,3,2,0.4,1,0,2,2,3,2,0.6,0.4,-0.19999999999999996,3,3290,NA,1
641240,Academy 65,Academy 65,S2,S2,416,1571.25,5,0,5,1758.75,5,0,0,0,0,0,0,0,0,0,0,0,0,0,0,0,0,0,0,0,0,0,1,1,0,3,1,4,0.8,1,1,0,3,1,4,0.2,0.8,0.6000000000000001,1,7035,NA,1
676055,Academy Lincoln,Academy Lincoln,B1,B1,334,872.7586206896551,30,0,30,901.2068965517242,30,0,1,0,2,0,3,0.1,0,0,0,0,0,0,0,0,0,0,0,0,0,0,5,12,10,14,15,26,0.8666666666666667,5,13,10,16,15,29,0.5,0.9666666666666667,0.4666666666666667,1,26135,2,2
676055,Academy Lincoln,Academy Lincoln,B2,B2,399.7368421052632,896.25,38,0,38,917.9166666666666,38,1,1,0,0,1,1,0.02631578947368421,1,2,0,0,1,2,0.05263157894736842,0,0,0,0,0,0,0,10,6,10,3,20,9,0.23684210526315788,12,9,10,3,22,12,0.5789473684210527,0.3157894736842105,-0.26315789473684215,26,11015,2,2
676055,Academy Lincoln,Academy Lincoln,B3 Townhome,B3 Townhome,616,930,14,0,14,969.2307692307693,13,0,2,0,0,0,2,0.14285714285714285,0,0,0,0,0,0,0,0,0,0,0,0,0,0,4,7,5,4,9,11,0.7857142857142857,4,9,5,4,9,13,0.6428571428571429,0.9285714285714286,0.2857142857142857,1,12600,2,2
676055,Academy Lincoln,Academy Lincoln,C1,C1,342.42857142857144,762.0833333333334,42,0,42,817.0833333333334,42,0,0,0,0,0,0,0,0,1,0,0,0,1,0.023809523809523808,3,0,0,0,3,0,0,7,11,7,12,14,23,0.5476190476190477,10,12,7,12,17,24,0.40476190476190477,0.5714285714285714,0.16666666666666663,18,19610,3,3
676055,Academy Lincoln,Academy Lincoln,D1,D1,303.9406779661017,689.5689655172414,472,0,472,711.8103448275862,467,1,8,1,2,2,10,0.0211864406779661,5,11,0,0,5,11,0.023305084745762712,6,1,0,0,6,1,0.00211864406779661,74,104,98,106,172,210,0.4449152542372881,86,124,99,108,185,232,0.3919491525423729,0.4915254237288136,0.09957627118644069,240,165140,4,4
676055,Academy Lincoln,Academy Lincoln,D2,D2,337,652.6388888888889,36,0,36,767.9166666666666,35,1,0,0,0,1,0,0,1,0,0,0,1,0,0,1,0,0,0,1,0,0,4,19,8,17,12,36,1,7,19,8,17,15,36,0.4166666666666667,1,0.5833333333333333,0,27645,4,4
676055,Academy Lincoln,Academy Lincoln,Not Selected,Not Selected,0,0,0,0,0,0,0,0,0,0,0,0,0,0,0,0,0,0,0,0,0,0,0,0,0,0,0,0,0,0,0,0,0,0,0,0,0,0,0,0,0,0,0,0,0,0,NA,NA
1115679,ANOVA uCity Square,ANOVA uCity Square,A1,A1,457,0,6,0,6,0,6,0,0,0,0,0,0,0,0,0,0,0,0,0,0,0,0,0,0,0,0,0,0,0,0,0,0,0,0,0,0,0,0,0,0,0,0,0,6,0,1,1
1115679,ANOVA uCity Square,ANOVA uCity Square,A2,A2,478,0,17,0,17,2094.5,15,0,0,0,0,0,0,0,0,0,0,0,0,0,0,1,0,0,0,1,0,0,2,1,1,1,3,2,0.11764705882352941,3,1,1,1,4,2,0.23529411764705882,0.11764705882352941,-0.11764705882352941,15,4189,1,1
1115679,ANOVA uCity Square,ANOVA uCity Square,A3,A3,499,0,10,0,10,2139,9,0,0,0,0,0,0,0,0,0,0,0,0,0,0,2,0,0,0,2,0,0,2,2,1,1,3,3,0.3,4,2,1,1,5,3,0.5,0.3,-0.2,7,6417,1,1
1115679,ANOVA uCity Square,ANOVA uCity Square,A4,A4,472,0,20,0,20,1717.3333333333333,20,0,0,0,0,0,0,0,0,0,0,0,0,0,0,1,0,0,0,1,0,0,0,1,2,2,2,3,0.15,1,1,2,2,3,3,0.15,0.15,0,17,5152,1,1
1115679,ANOVA uCity Square,ANOVA uCity Square,A5,A5,441,0,6,0,6,0,5,0,0,0,0,0,0,0,0,0,0,0,0,0,0,0,0,0,0,0,0,0,0,0,0,0,0,0,0,0,0,0,0,0,0,0,0,0,6,0,1,1
1115679,ANOVA uCity Square,ANOVA uCity Square,A6,A6,512,0,5,0,5,0,5,0,0,0,0,0,0,0,0,0,0,0,0,0,0,1,0,0,0,1,0,0,1,0,0,0,1,0,0,2,0,0,0,2,0,0.4,0,-0.4,5,0,1,1
1115679,ANOVA uCity Square,ANOVA uCity Square,A7,A7,589,0,5,0,5,0,5,0,0,0,0,0,0,0,0,0,0,0,0,0,0,1,0,0,0,1,0,0,0,0,1,0,1,0,0,1,0,1,0,2,0,0.4,0,-0.4,5,0,1,1
1115679,ANOVA uCity Square,ANOVA uCity Square,A8,A8,657.0268817204301,89.62068965517241,186,0,186,2438.5172413793102,172,0,0,0,1,0,1,0.005376344086021506,1,0,0,0,1,0,0,8,1,0,0,8,1,0.005376344086021506,19,19,6,8,25,27,0.14516129032258066,28,20,6,9,34,29,0.1827956989247312,0.15591397849462366,-0.02688172043010753,157,70717,1,1
1115679,ANOVA uCity Square,ANOVA uCity Square,B1,B1,974,0,11,0,11,3363,11,0,0,0,0,0,0,0,0,0,0,0,0,0,0,0,0,0,0,0,0,0,1,1,1,0,2,1,0.09090909090909091,1,1,1,0,2,1,0.18181818181818182,0.09090909090909091,-0.09090909090909091,10,3363,2,2
1115679,ANOVA uCity Square,ANOVA uCity Square,B2,B2,1008,0,22,0,22,3769.4,20,0,0,0,0,0,0,0,0,0,0,0,0,0,0,2,0,0,0,2,0,0,3,2,1,3,4,5,0.22727272727272727,5,2,1,3,6,5,0.2727272727272727,0.22727272727272727,-0.04545454545454544,17,18847,2,2
1115679,ANOVA uCity Square,ANOVA uCity Square,C1,C1,1372,0,5,0,5,0,4,0,0,0,0,0,0,0,0,0,0,0,0,0,0,0,0,0,0,0,0,0,2,0,1,0,3,0,0,2,0,1,0,3,0,0.6,0,-0.6,5,0,3,2
1115679,ANOVA uCity Square,ANOVA uCity Square,Not Selected,Not Selected,0,0,0,0,0,0,0,0,0,0,0,0,0,0,0,0,0,0,0,0,0,0,0,0,0,0,0,0,0,0,0,0,0,0,0,0,0,0,0,0,0,0,0,0,0,0,NA,NA
1115679,ANOVA uCity Square,ANOVA uCity Square,S1,S1,360,83.9047619047619,168,0,168,1693,160,0,1,0,0,0,1,0.005952380952380952,0,0,0,0,0,0,0,5,0,0,0,5,0,0,9,15,3,5,12,20,0.11904761904761904,14,16,3,5,17,21,0.10119047619047619,0.125,0.023809523809523808,147,35553,0,1
1161867,Courts at Spring Mill Station,Courts at Spring Mill Station,1 Bed 1 Bath,1 Bed 1 Bath,747.9659863945578,214.5,147,0,147,1969.4229166666667,138,0,0,0,4,0,4,0.027210884353741496,0,0,1,0,1,0,0,3,0,0,0,3,0,0,15,21,24,23,39,44,0.29931972789115646,18,21,25,27,43,48,0.2925170068027211,0.32653061224489793,0.03401360544217685,99,94532.3,1,1
1161867,Courts at Spring Mill Station,Courts at Spring Mill Station,1 Bed 1 Bath ADA,1 Bed 1 Bath ADA,766,0,4,0,4,0,2,0,0,0,0,0,0,0,0,0,0,0,0,0,0,0,0,0,0,0,0,0,0,0,1,0,1,0,0,0,0,1,0,1,0,0.25,0,-0.25,4,0,1,1
1161867,Courts at Spring Mill Station,Courts at Spring Mill Station,1 Bed 1 Bath Loft,1 Bed 1 Bath Loft,935,0,12,0,12,2419.3333333333335,6,0,0,0,0,0,0,0,0,0,0,0,0,0,0,0,0,0,0,0,0,0,4,2,3,1,7,3,0.25,4,2,3,1,7,3,0.5833333333333334,0.25,-0.33333333333333337,9,7258,1,1
1161867,Courts at Spring Mill Station,Courts at Spring Mill Station,1 Bed 1 Bath w/ Den,1 Bed 1 Bath w/ Den,923.9677419354839,107.70555555555556,31,0,31,2363.8333333333335,31,0,0,0,0,0,0,0,0,0,0,0,0,0,0,0,0,0,0,0,0,0,4,5,9,13,13,18,0.5806451612903226,4,5,9,13,13,18,0.41935483870967744,0.5806451612903226,0.16129032258064518,13,42549,1,1
1161867,Courts at Spring Mill Station,Courts at Spring Mill Station,1Bed1.5 Bath w/ Den,1Bed1.5 Bath w/ Den,947,0,3,0,3,2279,3,0,0,0,0,0,0,0,0,0,0,0,0,0,0,0,0,0,0,0,0,0,0,0,1,2,1,2,0.6666666666666666,0,0,1,2,1,2,0.3333333333333333,0.6666666666666666,0.3333333333333333,1,4558,1,1.5
1161867,Courts at Spring Mill Station,Courts at Spring Mill Station,1Bed1Bath Loftw/ Den,1Bed1Bath Loftw/ Den,1170.6666666666667,0,3,0,3,0,3,0,0,0,0,0,0,0,0,0,0,0,0,0,0,1,0,0,0,1,0,0,1,0,0,0,1,0,0,2,0,0,0,2,0,0.6666666666666666,0,-0.6666666666666666,3,0,1,1
1161867,Courts at Spring Mill Station,Courts at Spring Mill Station,2 Bed 2 Bath,2 Bed 2 Bath,1098.5646258503402,226.41304347826087,147,0,147,2447.884782608696,139,0,1,0,4,0,5,0.034013605442176874,0,0,0,0,0,0,0,0,0,0,0,0,0,0,17,17,14,24,31,41,0.2789115646258503,17,18,14,28,31,46,0.2108843537414966,0.3129251700680272,0.10204081632653061,101,112602.7,2,2
1161867,Courts at Spring Mill Station,Courts at Spring Mill Station,2 Bed 2 Bath ADA,2 Bed 2 Bath ADA,1151,0,4,0,4,2727,2,0,0,0,0,0,0,0,0,0,0,0,0,0,0,0,0,0,0,0,0,0,2,0,0,1,2,1,0.25,2,0,0,1,2,1,0.5,0.25,-0.25,3,2727,2,2
1161867,Courts at Spring Mill Station,Courts at Spring Mill Station,2 Bed 2 Bath Loft,2 Bed 2 Bath Loft,1305,0,9,0,9,3034.5,8,0,0,0,0,0,0,0,0,0,0,1,0,1,0.1111111111111111,0,0,0,0,0,0,0,1,1,1,2,2,3,0.3333333333333333,1,1,1,3,2,4,0.2222222222222222,0.4444444444444444,0.2222222222222222,5,12138,2,2
1161867,Courts at Spring Mill Station,Courts at Spring Mill Station,2 Bed 2 Bath w/ Den,2 Bed 2 Bath w/ Den,1295.2173913043478,0,23,0,23,3209,21,0,0,0,1,0,1,0.043478260869565216,0,0,0,0,0,0,0,0,0,0,0,0,0,0,4,1,2,7,6,8,0.34782608695652173,4,1,2,8,6,9,0.2608695652173913,0.391304347826087,0.13043478260869568,14,28881,2,2
1161867,Courts at Spring Mill Station,Courts at Spring Mill Station,2Bed2Bath Loftw/ Den,2Bed2Bath Loftw/ Den,1419,0,1,0,1,0,1,0,0,0,0,0,0,0,0,0,0,0,0,0,0,0,0,0,0,0,0,0,0,0,0,0,0,0,0,0,0,0,0,0,0,0,0,0,1,0,2,2
1161867,Courts at Spring Mill Station,Courts at Spring Mill Station,COMMERCIAL,COMMERCIAL,0,0,1,0,1,0,0,0,0,0,0,0,0,0,0,0,0,0,0,0,0,0,0,0,0,0,0,0,0,0,0,0,0,0,0,0,0,0,0,0,0,0,0,0,1,0,1,1
1161867,Courts at Spring Mill Station,Courts at Spring Mill Station,Not Selected,Not Selected,0,0,0,0,0,0,0,0,0,0,0,0,0,0,0,0,0,0,0,0,0,0,0,0,0,0,0,0,0,0,0,0,0,0,0,0,0,0,0,0,0,0,0,0,0,0,NA,NA
1161867,Courts at Spring Mill Station,Courts at Spring Mill Station,Studio,Studio,518,0,1,0,1,0,1,0,0,0,0,0,0,0,0,0,0,0,0,0,0,0,0,0,0,0,0,0,0,0,0,0,0,0,0,0,0,0,0,0,0,0,0,0,1,0,0,1
518044,Shortbread Lofts,Shortbread Lofts,B1,B1,319.325,1240.125,40,0,40,1246.625,40,0,0,0,0,0,0,0,3,0,0,0,3,0,0,1,0,0,0,1,0,0,28,33,8,7,36,40,1,32,33,8,7,40,40,1,1,0,0,49865,2,2
518044,Shortbread Lofts,Shortbread Lofts,B2,B2,453.6,1502,10,0,10,1540,10,0,0,0,0,0,0,0,1,0,0,0,1,0,0,0,0,0,0,0,0,0,6,8,1,2,7,10,1,7,8,1,2,8,10,0.8,1,0.19999999999999996,0,15400,2,2
518044,Shortbread Lofts,Shortbread Lofts,B3,B3,499,1505,2,0,2,1495,2,0,0,0,0,0,0,0,0,0,1,0,1,0,0,0,0,0,0,0,0,0,0,0,1,2,1,2,1,0,0,2,2,2,2,1,1,0,0,2990,2,2
518044,Shortbread Lofts,Shortbread Lofts,B4,B4,492,1505,2,0,2,1597.5,2,0,0,0,0,0,0,0,0,0,0,0,0,0,0,0,0,0,0,0,0,0,0,0,1,2,1,2,1,0,0,1,2,1,2,0.5,1,0.5,0,3195,2,2
518044,Shortbread Lofts,Shortbread Lofts,C1,C1,338.64285714285717,1458.090909090909,56,0,56,1340.4545454545455,56,0,0,0,0,0,0,0,4,2,0,0,4,2,0.03571428571428571,2,0,0,0,2,0,0,37,47,6,6,43,53,0.9464285714285714,43,49,6,6,49,55,0.875,0.9821428571428571,0.1071428571428571,1,73725,3,3
518044,Shortbread Lofts,Shortbread Lofts,C2,C2,228,985,6,0,6,995,6,0,0,0,0,0,0,0,1,0,0,0,1,0,0,0,0,0,0,0,0,0,5,6,0,0,5,6,1,6,6,0,0,6,6,1,1,0,0,5970,3,3
518044,Shortbread Lofts,Shortbread Lofts,C3,C3,324,1445.5,20,0,20,1258,20,1,0,0,0,1,0,0,1,0,0,0,1,0,0,0,0,0,0,0,0,0,18,20,0,0,18,20,1,20,20,0,0,20,20,1,1,0,0,25160,3,3
518044,Shortbread Lofts,Shortbread Lofts,C4,C4,278.4583333333333,1427.0454545454545,24,0,24,1159.090909090909,24,0,0,0,0,0,0,0,5,0,0,0,5,0,0,0,0,0,0,0,0,0,17,20,2,2,19,22,0.9166666666666666,22,20,2,2,24,22,1,0.9166666666666666,-0.08333333333333337,2,25500,3,3
518044,Shortbread Lofts,Shortbread Lofts,D1,D1,269.55121951219513,1428.7313432835822,205,0,205,1166.9402985074628,205,1,3,0,0,1,3,0.014634146341463415,26,4,0,0,26,4,0.01951219512195122,5,0,0,0,5,0,0,165,192,4,2,169,194,0.9463414634146341,197,199,4,2,201,201,0.9804878048780488,0.9804878048780488,0,4,234555,4,4
518044,Shortbread Lofts,Shortbread Lofts,D2,D2,307.77777777777777,1415,9,0,9,1339.4444444444443,9,0,0,0,0,0,0,0,2,0,0,0,2,0,0,0,0,0,0,0,0,0,3,7,1,2,4,9,1,5,7,1,2,6,9,0.6666666666666666,1,0.33333333333333337,0,12055,4,4
518044,Shortbread Lofts,Shortbread Lofts,Not Selected,Not Selected,0,0,0,0,0,0,0,0,0,0,0,0,0,0,0,0,0,0,0,0,0,0,1,0,0,0,1,0,0,0,0,0,0,0,0,0,1,0,0,0,1,0,0,0,0,0,NA,NA
952515,SOVA,SOVA,A1,A1,611,1468,20,0,20,1547.5,19,0,0,0,0,0,0,0,0,0,0,0,0,0,0,0,0,0,0,0,0,0,3,4,9,16,12,20,1,3,4,9,16,12,20,0.6,1,0.4,0,30950,1,1
952515,SOVA,SOVA,B1,B1,413,1148.5714285714287,64,0,64,1171,63,2,1,0,1,2,2,0.03125,1,0,0,0,1,0,0,1,0,1,0,2,0,0,14,1,16,32,30,33,0.515625,18,2,17,33,35,35,0.546875,0.546875,0,29,40985,2,2
952515,SOVA,SOVA,B1 ALT,B1 ALT,477,1265,30,0,30,1253.75,28,0,0,0,0,0,0,0,0,0,0,0,0,0,0,1,0,0,0,1,0,0,3,0,5,8,8,8,0.26666666666666666,4,0,5,8,9,8,0.3,0.26666666666666666,-0.033333333333333326,22,10030,2,2
952515,SOVA,SOVA,C1,C1,385,857.3,66,0,66,1044.2,66,0,0,0,1,0,1,0.015151515151515152,0,3,0,0,0,3,0.045454545454545456,0,4,1,1,1,5,0.07575757575757576,22,11,21,30,43,41,0.6212121212121212,22,18,22,32,44,50,0.6666666666666666,0.7575757575757576,0.09090909090909094,16,52210,3,3
952515,SOVA,SOVA,D1,D1,350.6623376623377,1015.2380952380952,308,0,308,997.2380952380952,304,2,0,3,1,5,1,0.003246753246753247,3,2,0,0,3,2,0.006493506493506494,7,0,1,1,8,1,0.003246753246753247,16,0,60,101,76,101,0.32792207792207795,28,2,64,103,92,105,0.2987012987012987,0.3409090909090909,0.042207792207792194,203,104710,4,4
952515,SOVA,SOVA,D2,D2,372,1020,88,0,88,1008.875,86,2,2,1,0,3,2,0.022727272727272728,2,4,0,0,2,4,0.045454545454545456,3,3,0,1,3,4,0.045454545454545456,16,3,20,27,36,30,0.3409090909090909,23,12,21,28,44,40,0.5,0.45454545454545453,-0.04545454545454547,48,40355,4,4
952515,SOVA,SOVA,D3,D3,427,1055.679012345679,240,0,240,1043.888888888889,238,1,1,0,2,1,3,0.0125,0,1,0,0,0,1,0.004166666666666667,4,1,6,0,10,1,0.004166666666666667,16,8,66,68,82,76,0.31666666666666665,21,11,72,70,93,81,0.3875,0.3375,-0.04999999999999999,159,84555,4,4
952515,SOVA,SOVA,Not Selected,Not Selected,0,0,0,0,0,0,0,0,0,0,0,0,0,0,0,0,0,0,0,0,0,0,0,0,0,0,0,0,0,0,0,0,0,0,0,0,0,0,0,0,0,0,0,0,0,0,NA,NA
577897,Station Nine,Station Nine,a1a 1F Courtyard Stack,a1a 1F Courtyard Stack,733,1680,12,0,12,1669,12,0,0,0,0,0,0,0,0,0,0,0,0,0,0,0,0,0,0,0,0,0,0,0,0,1,0,1,0.08333333333333333,0,0,0,1,0,1,0,0.08333333333333333,0.08333333333333333,11,1669,1,1
577897,Station Nine,Station Nine,a1a 1F Pool Stack,a1a 1F Pool Stack,733,0,4,0,4,1805,4,0,0,0,0,0,0,0,0,0,0,0,0,0,0,0,0,0,0,0,0,0,1,1,0,0,1,1,0.25,1,1,0,0,1,1,0.25,0.25,0,3,1805,1,1
577897,Station Nine,Station Nine,a1a 1F Stack,a1a 1F Stack,733,1601.25,12,0,12,1746.25,11,0,0,0,0,0,0,0,0,0,0,0,0,0,0,0,1,0,0,0,1,0.08333333333333333,2,2,1,1,3,3,0.25,2,3,1,1,3,4,0.25,0.3333333333333333,0.08333333333333331,8,6985,1,1
577897,Station Nine,Station Nine,a1a Courtyard Stack,a1a Courtyard Stack,733,393.75,24,0,24,1774.5,24,0,0,0,0,0,0,0,0,0,0,0,0,0,0,0,0,0,0,0,0,0,3,4,0,0,3,4,0.16666666666666666,3,4,0,0,3,4,0.125,0.16666666666666666,0.04166666666666666,20,7098,1,1
577897,Station Nine,Station Nine,a1a Pool Stack,a1a Pool Stack,733,918.16,10,0,10,1836.5,10,0,0,0,0,0,0,0,0,0,0,0,0,0,0,0,0,0,0,0,0,0,2,1,0,1,2,2,0.2,2,1,0,1,2,2,0.2,0.2,0,8,3673,1,1
577897,Station Nine,Station Nine,a1a stack,a1a stack,733,677.8571428571429,23,0,23,1723.857142857143,23,0,0,0,0,0,0,0,0,0,0,0,0,0,0,0,0,0,0,0,0,0,3,6,1,1,4,7,0.30434782608695654,3,6,1,1,4,7,0.17391304347826086,0.30434782608695654,0.13043478260869568,16,12067,1,1
577897,Station Nine,Station Nine,a1a TF Pool Stack,a1a TF Pool Stack,733,0,1,0,1,0,1,0,0,0,0,0,0,0,0,0,0,0,0,0,0,0,0,0,0,0,0,0,0,0,0,0,0,0,0,0,0,0,0,0,0,0,0,0,1,0,1,1
577897,Station Nine,Station Nine,a1a TF Stack,a1a TF Stack,733,0,4,0,4,1836,4,0,0,0,0,0,0,0,0,0,0,0,0,0,0,0,0,0,0,0,0,0,0,1,0,0,0,1,0.25,0,1,0,0,0,1,0,0.25,0.25,3,1836,1,1
577897,Station Nine,Station Nine,a1al TF Courtyard Stack,a1al TF Courtyard Stack,874,1825,12,0,12,1855,12,0,0,0,0,0,0,0,0,0,0,0,0,0,0,0,0,0,0,0,0,0,2,1,0,0,2,1,0.08333333333333333,2,1,0,0,2,1,0.16666666666666666,0.08333333333333333,-0.08333333333333333,11,1855,1,1
577897,Station Nine,Station Nine,a1al TF Pool Stack,a1al TF Pool Stack,874,2025,4,0,4,2100,4,0,0,0,0,0,0,0,0,0,0,0,0,0,0,0,0,0,0,0,0,0,0,1,0,0,0,1,0.25,0,1,0,0,0,1,0,0.25,0.25,3,2100,1,1
577897,Station Nine,Station Nine,a1al TF Stack,a1al TF Stack,874,1930,8,0,8,1900,8,0,0,0,0,0,0,0,0,0,0,0,0,0,0,1,0,0,0,1,0,0,0,0,0,1,0,1,0.125,1,0,0,1,1,1,0.125,0.125,0,7,1900,1,1
577897,Station Nine,Station Nine,a1b Pool Stack,a1b Pool Stack,733,0,2,0,2,1836,2,0,0,0,0,0,0,0,0,0,0,0,0,0,0,0,0,0,0,0,0,0,0,1,0,0,0,1,0.5,0,1,0,0,0,1,0,0.5,0.5,1,1836,1,1
577897,Station Nine,Station Nine,a1b Stack,a1b Stack,733,0,1,0,1,0,1,0,0,0,0,0,0,0,0,0,0,0,0,0,0,0,0,0,0,0,0,0,0,0,0,0,0,0,0,0,0,0,0,0,0,0,0,0,1,0,1,1
577897,Station Nine,Station Nine,a1bl TF Pool Stack,a1bl TF Pool Stack,876,0,1,0,1,0,1,0,0,0,0,0,0,0,0,0,0,0,0,0,0,0,0,0,0,0,0,0,0,0,0,0,0,0,0,0,0,0,0,0,0,0,0,0,1,0,1,1
577897,Station Nine,Station Nine,a1bl TF Stack,a1bl TF Stack,876,0,1,0,1,0,1,0,0,0,0,0,0,0,0,0,0,0,0,0,0,0,0,0,0,0,0,0,1,0,0,0,1,0,0,1,0,0,0,1,0,1,0,-1,1,0,1,1
577897,Station Nine,Station Nine,a1c 1F Stack,a1c 1F Stack,732,1595,1,0,1,1595,1,0,0,0,0,0,0,0,0,0,0,0,0,0,0,0,0,0,0,0,0,0,0,1,0,0,0,1,1,0,1,0,0,0,1,0,1,1,0,1595,1,1
577897,Station Nine,Station Nine,a1hc 1F Pool Side by Side,a1hc 1F Pool Side by Side,733,0,1,0,1,0,1,0,0,0,0,0,0,0,0,0,0,0,0,0,0,0,0,0,0,0,0,0,0,0,0,0,0,0,0,0,0,0,0,0,0,0,0,0,1,0,1,1
577897,Station Nine,Station Nine,a1hc 1F Side by Side,a1hc 1F Side by Side,733,0,1,0,1,0,1,0,0,0,0,0,0,0,0,0,0,0,0,0,0,0,0,0,0,0,0,0,1,0,0,0,1,0,0,1,0,0,0,1,0,1,0,-1,1,0,1,1
577897,Station Nine,Station Nine,a1hc 1F Stack,a1hc 1F Stack,733,0,1,0,1,0,1,0,0,0,0,0,0,0,0,0,0,0,0,0,0,0,0,0,0,0,0,0,0,0,0,0,0,0,0,0,0,0,0,0,0,0,0,0,1,0,1,NA
577897,Station Nine,Station Nine,a1hc Pool Side by Side,a1hc Pool Side by Side,733,0,2,0,2,0,2,0,0,0,0,0,0,0,0,0,0,0,0,0,0,0,0,0,0,0,0,0,0,0,0,0,0,0,0,0,0,0,0,0,0,0,0,0,2,0,1,1
577897,Station Nine,Station Nine,a1hc Side by Side,a1hc Side by Side,733,0,3,0,3,0,3,0,0,0,0,0,0,0,0,0,0,0,0,0,0,0,0,0,0,0,0,0,0,0,0,0,0,0,0,0,0,0,0,0,0,0,0,0,3,0,1,1
577897,Station Nine,Station Nine,a1hc TF Pool Side by Side,a1hc TF Pool Side by Side,733,1625,1,0,1,1655,0,0,0,0,0,0,0,0,0,0,0,0,0,0,0,0,0,0,0,0,0,0,0,1,0,0,0,1,1,0,1,0,0,0,1,0,1,1,0,1655,1,1
577897,Station Nine,Station Nine,a1hc TF Side by Side,a1hc TF Side by Side,733,0,2,0,2,0,2,0,0,0,0,0,0,0,0,0,0,0,0,0,0,0,0,0,0,0,0,0,0,0,0,0,0,0,0,0,0,0,0,0,0,0,0,0,2,0,1,1
577897,Station Nine,Station Nine,a2 1F Pool Side by Side,a2 1F Pool Side by Side,863,0,1,0,1,0,1,0,0,0,0,0,0,0,0,0,0,0,0,0,0,0,0,0,0,0,0,0,0,0,0,0,0,0,0,0,0,0,0,0,0,0,0,0,1,0,1,1
577897,Station Nine,Station Nine,a2 Pool Side by Side,a2 Pool Side by Side,863,0,2,0,2,1841,2,0,0,0,0,0,0,0,0,0,0,0,0,0,0,0,0,0,0,0,0,0,0,1,0,0,0,1,0.5,0,1,0,0,0,1,0,0.5,0.5,1,1841,1,1
577897,Station Nine,Station Nine,a2 TF Pool Side by Side,a2 TF Pool Side by Side,863,0,1,0,1,0,1,0,0,0,0,0,0,0,0,0,0,0,0,0,0,0,0,0,0,0,0,0,0,0,0,0,0,0,0,0,0,0,0,0,0,0,0,0,1,0,1,NA
577897,Station Nine,Station Nine,a3a 1F Pool Side by Side,a3a 1F Pool Side by Side,926,1865,4,0,4,1855,2,0,0,0,0,0,0,0,0,0,0,0,0,0,0,0,0,0,0,0,0,0,0,0,0,1,0,1,0.25,0,0,0,1,0,1,0,0.25,0.25,3,1855,1,1
577897,Station Nine,Station Nine,a3a 1F Side by Side,a3a 1F Side by Side,926,0,2,0,2,0,2,0,0,0,0,0,0,0,0,0,0,0,0,0,0,0,0,0,0,0,0,0,0,0,0,0,0,0,0,0,0,0,0,0,0,0,0,0,2,0,1,1
577897,Station Nine,Station Nine,a3a Pool Side by Side,a3a Pool Side by Side,926,0,8,0,8,2030,8,0,0,0,0,0,0,0,0,0,0,0,0,0,0,0,0,0,0,0,0,0,3,2,0,0,3,2,0.25,3,2,0,0,3,2,0.375,0.25,-0.125,6,4060,1,1
577897,Station Nine,Station Nine,a3a Side by Side,a3a Side by Side,926,0,4,0,4,1989,4,0,0,0,0,0,0,0,0,0,0,0,0,0,0,1,0,0,0,1,0,0,0,1,0,0,0,1,0.25,1,1,0,0,1,1,0.25,0.25,0,3,1989,1,1
577897,Station Nine,Station Nine,a3a TF Pool Side by Side,a3a TF Pool Side by Side,926,0,2,0,2,0,2,0,0,0,0,0,0,0,0,0,0,0,0,0,0,0,0,0,0,0,0,0,0,0,0,0,0,0,0,0,0,0,0,0,0,0,0,0,2,0,1,1
577897,Station Nine,Station Nine,a3a TF Side by Side,a3a TF Side by Side,926,0,2,0,2,0,2,0,0,0,0,0,0,0,0,0,0,0,0,0,0,0,0,0,0,0,0,0,1,0,1,0,2,0,0,1,0,1,0,2,0,1,0,-1,2,0,1,1
577897,Station Nine,Station Nine,a3al TF Pool Side by Side,a3al TF Pool Side by Side,1073,0,1,0,1,0,1,0,0,0,0,0,0,0,0,0,0,0,0,0,0,0,0,0,0,0,0,0,0,0,0,0,0,0,0,0,0,0,0,0,0,0,0,0,1,0,1,1
577897,Station Nine,Station Nine,a3al TF Pool Stack,a3al TF Pool Stack,1073,0,1,0,1,0,1,0,0,0,0,0,0,0,0,0,0,0,0,0,0,0,0,0,0,0,0,0,0,0,0,0,0,0,0,0,0,0,0,0,0,0,0,0,1,0,1,1
577897,Station Nine,Station Nine,a3b 1F Side by Side,a3b 1F Side by Side,935,0,2,0,2,0,2,0,0,0,0,0,0,0,0,0,0,0,0,0,0,0,0,0,0,0,0,0,0,0,0,0,0,0,0,0,0,0,0,0,0,0,0,0,2,0,1,1
577897,Station Nine,Station Nine,a3b Side by Side,a3b Side by Side,935,0,6,0,6,1900,6,0,0,0,0,0,0,0,0,0,0,0,0,0,0,0,0,0,0,0,0,0,0,2,0,0,0,2,0.3333333333333333,0,2,0,0,0,2,0,0.3333333333333333,0.3333333333333333,4,3800,1,1
577897,Station Nine,Station Nine,a3b TF Side by Side,a3b TF Side by Side,935,0,2,0,2,0,2,0,0,0,0,0,0,0,0,0,0,0,0,0,0,0,0,0,0,0,0,0,0,0,0,0,0,0,0,0,0,0,0,0,0,0,0,0,2,0,1,1
577897,Station Nine,Station Nine,a3bl TF Side by Side,a3bl TF Side by Side,1082,0,2,0,2,2178,2,0,0,0,0,0,0,0,0,0,0,0,0,0,0,0,0,0,0,0,0,0,0,1,0,0,0,1,0.5,0,1,0,0,0,1,0,0.5,0.5,1,2178,1,1
577897,Station Nine,Station Nine,a3c Side by Side,a3c Side by Side,949,0,1,0,1,0,0,0,0,0,0,0,0,0,0,0,0,0,0,0,0,0,0,0,0,0,0,0,1,0,0,0,1,0,0,1,0,0,0,1,0,1,0,-1,1,0,1,1
577897,Station Nine,Station Nine,a3c TF Side by Side,a3c TF Side by Side,949,0,1,0,1,0,1,0,0,0,0,0,0,0,0,0,0,0,0,0,0,0,0,0,0,0,0,0,0,0,0,0,0,0,0,0,0,0,0,0,0,0,0,0,1,0,1,1
577897,Station Nine,Station Nine,a3d Side by Side,a3d Side by Side,958,0,2,0,2,1999,2,0,0,0,0,0,0,0,0,0,0,0,0,0,0,0,0,0,0,0,0,0,0,2,0,0,0,2,1,0,2,0,0,0,2,0,1,1,0,3998,1,1
577897,Station Nine,Station Nine,a3dl TF Side by Side,a3dl TF Side by Side,1129,0,1,0,1,0,1,0,0,0,0,0,0,0,0,0,0,0,0,0,0,0,0,0,0,0,0,0,1,0,0,0,1,0,0,1,0,0,0,1,0,1,0,-1,1,0,1,1
577897,Station Nine,Station Nine,a4 1F Side by Side,a4 1F Side by Side,759,0,1,0,1,0,1,0,0,0,0,0,0,0,0,0,0,0,0,0,0,0,0,0,0,0,0,0,0,0,0,0,0,0,0,0,0,0,0,0,0,0,0,0,1,0,1,1
577897,Station Nine,Station Nine,a4 1F Stack,a4 1F Stack,759,0,1,0,1,0,1,0,0,0,0,0,0,0,0,0,0,0,0,0,0,0,0,0,0,0,0,0,0,0,0,0,0,0,0,0,0,0,0,0,0,0,0,0,1,0,1,1
577897,Station Nine,Station Nine,a4 Stack,a4 Stack,759,0,4,0,4,0,4,0,0,0,0,0,0,0,0,0,0,0,0,0,0,0,0,0,0,0,0,0,0,0,0,0,0,0,0,0,0,0,0,0,0,0,0,0,4,0,1,1
577897,Station Nine,Station Nine,a4 TF Stack,a4 TF Stack,759,0,2,0,2,0,2,0,0,0,0,0,0,0,0,0,0,0,0,0,0,0,0,0,0,0,0,0,0,0,0,0,0,0,0,0,0,0,0,0,0,0,0,0,2,0,1,1
577897,Station Nine,Station Nine,a5 1F Pool Side by Side Terrace,a5 1F Pool Side by Side Terrace,887,0,1,0,1,0,1,0,0,0,0,0,0,0,0,0,0,0,0,0,0,0,0,0,0,0,0,0,0,0,0,0,0,0,0,0,0,0,0,0,0,0,0,0,1,0,1,1
577897,Station Nine,Station Nine,a5 Pool Side by Side Terrace,a5 Pool Side by Side Terrace,887,0,2,0,2,0,2,0,0,0,0,0,0,0,0,0,0,0,0,0,0,0,0,0,0,0,0,0,2,0,0,0,2,0,0,2,0,0,0,2,0,1,0,-1,2,0,1,1
577897,Station Nine,Station Nine,a5 TF Pool Side by Side Terrace,a5 TF Pool Side by Side Terrace,887,0,1,0,1,0,1,0,0,0,0,0,0,0,0,0,0,0,0,0,0,0,0,0,0,0,0,0,0,0,0,0,0,0,0,0,0,0,0,0,0,0,0,0,1,0,1,1
577897,Station Nine,Station Nine,a6 Stack,a6 Stack,1137,0,1,0,1,0,1,0,0,0,0,0,0,0,0,0,0,0,0,0,0,0,0,0,0,0,0,0,0,0,0,0,0,0,0,0,0,0,0,0,0,0,0,0,1,0,1,2
577897,Station Nine,Station Nine,b1 1F Courtyard Side by Side,b1 1F Courtyard Side by Side,1066,0,4,0,4,0,4,0,0,0,0,0,0,0,0,0,0,0,0,0,0,0,0,0,0,0,0,0,0,0,0,0,0,0,0,0,0,0,0,0,0,0,0,0,4,0,2,2
577897,Station Nine,Station Nine,b1 1F Pool Side by Side,b1 1F Pool Side by Side,1066,0,2,0,2,0,2,0,0,0,0,0,0,0,0,0,0,0,0,0,0,0,0,0,0,0,0,0,0,0,0,0,0,0,0,0,0,0,0,0,0,0,0,0,2,0,2,2
577897,Station Nine,Station Nine,b1 1F Side by Side,b1 1F Side by Side,1066,0,9,0,9,2366,8,0,0,0,0,0,0,0,0,0,0,0,0,0,0,0,0,0,0,0,0,0,1,1,0,0,1,1,0.1111111111111111,1,1,0,0,1,1,0.1111111111111111,0.1111111111111111,0,8,2366,2,2
577897,Station Nine,Station Nine,b1 Courtyard Side by Side,b1 Courtyard Side by Side,1066,0,8,0,8,0,8,0,0,0,0,0,0,0,0,0,0,0,0,0,0,0,0,0,0,0,0,0,0,0,0,0,0,0,0,0,0,0,0,0,0,0,0,0,8,0,2,2
577897,Station Nine,Station Nine,b1 Pool Side by Side,b1 Pool Side by Side,1066,0,4,0,4,0,4,0,0,0,0,0,0,0,0,0,0,0,0,0,0,0,0,0,0,0,0,0,0,0,0,0,0,0,0,0,0,0,0,0,0,0,0,0,4,0,2,2
577897,Station Nine,Station Nine,b1 Side by Side,b1 Side by Side,1066,0,19,0,19,0,19,0,0,0,0,0,0,0,0,0,0,0,0,0,0,0,0,0,0,0,0,0,1,0,0,0,1,0,0,1,0,0,0,1,0,0.05263157894736842,0,-0.05263157894736842,19,0,2,2
577897,Station Nine,Station Nine,b1 TF Side by Side,b1 TF Side by Side,1066,0,3,0,3,0,2,0,0,0,0,0,0,0,0,0,0,0,0,0,0,0,0,0,0,0,0,0,0,0,0,0,0,0,0,0,0,0,0,0,0,0,0,0,3,0,2,2
577897,Station Nine,Station Nine,b1al TF Courtyard Side by Side,b1al TF Courtyard Side by Side,1206,0,4,0,4,0,4,0,0,0,0,0,0,0,0,0,0,0,0,0,0,0,0,0,0,0,0,0,0,0,0,0,0,0,0,0,0,0,0,0,0,0,0,0,4,0,2,2
577897,Station Nine,Station Nine,b1al TF Pool Side by Side,b1al TF Pool Side by Side,1206,0,1,0,1,0,1,0,0,0,0,0,0,0,0,0,0,0,0,0,0,0,0,0,0,0,0,0,0,0,0,0,0,0,0,0,0,0,0,0,0,0,0,0,1,0,2,2
577897,Station Nine,Station Nine,b1al TF Side by Side,b1al TF Side by Side,1206,2530,6,0,6,2530,5,0,0,0,0,0,0,0,0,0,0,0,0,0,0,0,0,0,0,0,0,0,1,1,0,0,1,1,0.16666666666666666,1,1,0,0,1,1,0.16666666666666666,0.16666666666666666,0,5,2530,2,2
577897,Station Nine,Station Nine,b1bl TF Pool Side by Side,b1bl TF Pool Side by Side,1193,0,1,0,1,0,1,0,0,0,0,0,0,0,0,0,0,0,0,0,0,0,0,0,0,0,0,0,0,0,0,0,0,0,0,0,0,0,0,0,0,0,0,0,1,0,2,2
577897,Station Nine,Station Nine,b1bl TF Side by Side,b1bl TF Side by Side,1193,0,4,0,4,2733,3,0,0,0,0,0,0,0,0,0,0,0,0,0,0,0,0,0,0,0,0,0,1,1,0,0,1,1,0.25,1,1,0,0,1,1,0.25,0.25,0,3,2733,2,2
577897,Station Nine,Station Nine,b1hc 1F Side by Side,b1hc 1F Side by Side,1066,0,1,0,1,0,1,0,0,0,0,0,0,0,0,0,0,0,0,0,0,0,0,0,0,0,0,0,0,0,0,0,0,0,0,0,0,0,0,0,0,0,0,0,1,0,2,2
577897,Station Nine,Station Nine,b1hc Side by Side,b1hc Side by Side,1066,0,3,0,3,0,3,0,0,0,0,0,0,0,0,0,0,0,0,0,0,0,0,0,0,0,0,0,1,0,0,0,1,0,0,1,0,0,0,1,0,0.3333333333333333,0,-0.3333333333333333,3,0,2,2
577897,Station Nine,Station Nine,b2a 1F Courtyard Side by Side,b2a 1F Courtyard Side by Side,1150,0,2,0,2,2285,2,0,0,0,0,0,0,0,0,0,0,0,0,0,0,0,0,0,0,0,0,0,0,0,2,1,2,1,0.5,0,0,2,1,2,1,1,0.5,-0.5,1,2285,2,2
577897,Station Nine,Station Nine,b2a 1F Side by Side,b2a 1F Side by Side,1150,0,2,0,2,0,2,0,0,0,0,0,0,0,0,0,0,0,0,0,0,0,0,0,0,0,0,0,0,0,0,0,0,0,0,0,0,0,0,0,0,0,0,0,2,0,2,2
577897,Station Nine,Station Nine,b2a Courtyard Side by Side,b2a Courtyard Side by Side,1150,0,4,0,4,0,4,0,0,0,0,0,0,0,0,0,0,0,0,0,0,0,0,0,0,0,0,0,0,0,0,0,0,0,0,0,0,0,0,0,0,0,0,0,4,0,2,2
577897,Station Nine,Station Nine,b2a Side by Side,b2a Side by Side,1150,0,4,0,4,0,4,0,0,0,0,0,0,0,0,0,0,0,0,0,0,0,0,0,0,0,0,0,1,0,0,0,1,0,0,1,0,0,0,1,0,0.25,0,-0.25,4,0,2,2
577897,Station Nine,Station Nine,b2al TF Courtyard Side by Side,b2al TF Courtyard Side by Side,1384,0,2,0,2,0,1,0,0,0,0,0,0,0,0,0,0,0,0,0,0,0,0,0,0,0,0,0,0,0,0,0,0,0,0,0,0,0,0,0,0,0,0,0,2,0,2,2
577897,Station Nine,Station Nine,b2al TF Side by Side,b2al TF Side by Side,1384,0,1,0,1,0,0,0,0,0,0,0,0,0,0,0,0,0,0,0,0,0,0,0,0,0,0,0,0,0,0,0,0,0,0,0,0,0,0,0,0,0,0,0,1,0,2,2
577897,Station Nine,Station Nine,b2b 1F Courtyard Side by Side,b2b 1F Courtyard Side by Side,1177,0,2,0,2,0,2,0,0,0,0,0,0,0,0,0,0,0,0,0,0,0,0,0,0,0,0,0,0,0,0,0,0,0,0,0,0,0,0,0,0,0,0,0,2,0,2,2
577897,Station Nine,Station Nine,b2b 1F Side by Side,b2b 1F Side by Side,1177,0,1,0,1,0,1,0,0,0,0,0,0,0,0,0,0,0,0,0,0,0,0,0,0,0,0,0,0,0,0,0,0,0,0,0,0,0,0,0,0,0,0,0,1,0,2,2
577897,Station Nine,Station Nine,b2b Courtyard Side by Side,b2b Courtyard Side by Side,1177,0,4,0,4,0,4,0,0,0,0,0,0,0,0,0,0,0,0,0,0,0,0,0,0,0,0,0,1,0,0,0,1,0,0,1,0,0,0,1,0,0.25,0,-0.25,4,0,2,2
577897,Station Nine,Station Nine,b2b Side by Side,b2b Side by Side,1177,2415,2,0,2,2415,2,0,0,0,0,0,0,0,0,0,0,0,0,0,0,0,0,0,0,0,0,0,1,1,0,0,1,1,0.5,1,1,0,0,1,1,0.5,0.5,0,1,2415,2,2
577897,Station Nine,Station Nine,b2bl TF Courtyard Side by Side,b2bl TF Courtyard Side by Side,1411,0,2,0,2,0,1,0,0,0,0,0,0,0,0,0,0,0,0,0,0,0,0,0,0,0,0,0,0,0,0,0,0,0,0,0,0,0,0,0,0,0,0,0,2,0,2,2
577897,Station Nine,Station Nine,b2bl TF Side by Side,b2bl TF Side by Side,1411,0,1,0,1,0,1,0,0,0,0,0,0,0,0,0,0,0,0,0,0,0,0,0,0,0,0,0,0,0,0,0,0,0,0,0,0,0,0,0,0,0,0,0,1,0,2,2
577897,Station Nine,Station Nine,b2cl TF Side by Side,b2cl TF Side by Side,1407,0,1,0,1,0,1,0,0,0,0,0,0,0,0,0,0,0,0,0,0,0,0,0,0,0,0,0,0,0,0,0,0,0,0,0,0,0,0,0,0,0,0,0,1,0,2,2
577897,Station Nine,Station Nine,b3a 1F Courtyard Side by Side,b3a 1F Courtyard Side by Side,1251,0,4,0,4,0,4,0,0,0,0,0,0,0,0,0,0,0,0,0,0,0,0,0,0,0,0,0,1,0,0,0,1,0,0,1,0,0,0,1,0,0.25,0,-0.25,4,0,2,2
577897,Station Nine,Station Nine,b3a 1F Pool Side by Side,b3a 1F Pool Side by Side,1251,0,1,0,1,0,1,0,0,0,0,0,0,0,0,0,0,0,0,0,0,0,0,0,0,0,0,0,0,0,0,0,0,0,0,0,0,0,0,0,0,0,0,0,1,0,2,2
577897,Station Nine,Station Nine,b3a 1F Side by Side,b3a 1F Side by Side,1251,0,1,0,1,0,1,0,0,0,0,0,0,0,0,0,0,0,0,0,0,0,0,0,0,0,0,0,1,0,0,0,1,0,0,1,0,0,0,1,0,1,0,-1,1,0,2,2
577897,Station Nine,Station Nine,b3a Courtyard Side by Side,b3a Courtyard Side by Side,1251,0,4,0,4,0,4,0,0,0,0,0,0,0,0,0,0,0,0,0,0,0,0,0,0,0,0,0,0,0,0,0,0,0,0,0,0,0,0,0,0,0,0,0,4,0,2,2
577897,Station Nine,Station Nine,b3a Pool Side by Side,b3a Pool Side by Side,1251,0,2,0,2,0,2,0,0,0,0,0,0,0,0,0,0,0,0,0,0,0,0,0,0,0,0,0,0,0,0,0,0,0,0,0,0,0,0,0,0,0,0,0,2,0,2,2
577897,Station Nine,Station Nine,b3a Side by Side,b3a Side by Side,1251,0,4,0,4,2519.5,4,0,0,0,0,0,0,0,0,0,0,0,0,0,0,0,0,0,0,0,0,0,0,2,0,0,0,2,0.5,0,2,0,0,0,2,0,0.5,0.5,2,5039,2,2
577897,Station Nine,Station Nine,b3a TF Courtyard Side by Side,b3a TF Courtyard Side by Side,1251,0,2,0,2,0,2,0,0,0,0,0,0,0,0,0,0,0,0,0,0,0,0,0,0,0,0,0,0,0,0,0,0,0,0,0,0,0,0,0,0,0,0,0,2,0,2,2
577897,Station Nine,Station Nine,b3a TF Pool Side by Side,b3a TF Pool Side by Side,1251,0,1,0,1,0,1,0,0,0,0,0,0,0,0,0,0,0,0,0,0,0,0,0,0,0,0,0,0,0,0,0,0,0,0,0,0,0,0,0,0,0,0,0,1,0,2,2
577897,Station Nine,Station Nine,b3a TF Side by Side,b3a TF Side by Side,1251,0,2,0,2,0,2,0,0,0,0,0,0,0,0,0,0,0,0,0,0,0,0,0,0,0,0,0,0,0,0,0,0,0,0,0,0,0,0,0,0,0,0,0,2,0,2,2
577897,Station Nine,Station Nine,b3b Courtyard Side by Side,b3b Courtyard Side by Side,1337,0,4,0,4,0,4,0,0,0,0,0,0,0,0,0,0,0,0,0,0,0,0,0,0,0,0,0,2,0,0,0,2,0,0,2,0,0,0,2,0,0.5,0,-0.5,4,0,2,2
577897,Station Nine,Station Nine,b3b TF Courtyard Side by Side,b3b TF Courtyard Side by Side,1337,0,2,0,2,2631,2,0,0,0,0,0,0,0,0,0,0,0,0,0,0,0,0,0,0,0,0,0,0,1,0,0,0,1,0.5,0,1,0,0,0,1,0,0.5,0.5,1,2631,2,2
577897,Station Nine,Station Nine,b4 1F Pool Side by Side,b4 1F Pool Side by Side,1307,0,1,0,1,0,0,0,0,0,0,0,0,0,0,0,0,0,0,0,0,0,0,0,0,0,0,0,0,0,0,0,0,0,0,0,0,0,0,0,0,0,0,0,1,0,2,2
577897,Station Nine,Station Nine,b4 Pool Side by Side,b4 Pool Side by Side,1307,0,2,0,2,0,2,0,0,0,0,0,0,0,0,0,0,0,0,0,0,0,0,0,0,0,0,0,0,0,0,0,0,0,0,0,0,0,0,0,0,0,0,0,2,0,2,2
577897,Station Nine,Station Nine,b4 TF Pool Side by Side,b4 TF Pool Side by Side,1307,0,1,0,1,0,1,0,0,0,0,0,0,0,0,0,0,0,0,0,0,0,0,0,0,0,0,0,1,0,0,0,1,0,0,1,0,0,0,1,0,1,0,-1,1,0,2,2
577897,Station Nine,Station Nine,b5 Pool Side by Side,b5 Pool Side by Side,1553,0,1,0,1,0,1,0,0,0,0,0,0,0,0,0,0,0,0,0,0,0,0,0,0,0,0,0,0,0,0,0,0,0,0,0,0,0,0,0,0,0,0,0,1,0,2,2
577897,Station Nine,Station Nine,b5 TF Pool Side by Side,b5 TF Pool Side by Side,1553,0,1,0,1,0,1,0,0,0,0,0,0,0,0,0,0,0,0,0,0,1,0,0,0,1,0,0,0,0,0,0,0,0,0,1,0,0,0,1,0,1,0,-1,1,0,2,2
577897,Station Nine,Station Nine,b7hc Side by Side,b7hc Side by Side,1611,0,1,0,1,0,1,0,0,0,0,0,0,0,0,0,0,0,0,0,0,0,0,0,0,0,0,0,1,0,0,0,1,0,0,1,0,0,0,1,0,1,0,-1,1,0,2,2
577897,Station Nine,Station Nine,b7hc TF Side by Side,b7hc TF Side by Side,1611,0,1,0,1,0,1,0,0,0,0,0,0,0,0,0,0,0,0,0,0,0,0,0,0,0,0,0,0,0,0,0,0,0,0,0,0,0,0,0,0,0,0,0,1,0,2,2
577897,Station Nine,Station Nine,b8 Side by Side,b8 Side by Side,1535,0,1,0,1,0,0,0,0,0,0,0,0,0,0,0,0,0,0,0,0,0,0,0,0,0,0,0,0,0,0,0,0,0,0,0,0,0,0,0,0,0,0,0,1,0,2,2
577897,Station Nine,Station Nine,b8 TF Side by Side,b8 TF Side by Side,1535,0,1,0,1,0,1,0,0,0,0,0,0,0,0,0,0,0,0,0,0,0,0,0,0,0,0,0,0,0,0,0,0,0,0,0,0,0,0,0,0,0,0,0,1,0,2,2
577897,Station Nine,Station Nine,Not Selected,Not Selected,0,0,0,0,0,0,0,0,0,0,0,0,0,0,0,0,0,0,0,0,0,0,0,0,0,0,0,0,0,0,0,0,0,0,0,0,0,0,0,0,0,0,0,0,0,0,NA,NA
577897,Station Nine,Station Nine,Two Bedroom Waitlist,Two Bedroom Waitlist,0,3054,0,0,0,3054,0,0,0,0,0,0,0,0,0,0,0,0,0,0,0,0,0,0,0,0,0,0,0,1,0,0,0,1,0,0,1,0,0,0,1,0,0,0,0,3054,NA,NA
518041,The Academy at Frisco,The Academy at Frisco,A1,A1,616.8709677419355,1322.3214285714287,31,0,31,1519.2857142857142,31,0,0,0,0,0,0,0,0,0,0,0,0,0,0,0,0,0,0,0,0,0,12,5,14,23,26,28,0.9032258064516129,12,5,14,23,26,28,0.8387096774193549,0.9032258064516129,0.06451612903225801,3,42540,1,1
518041,The Academy at Frisco,The Academy at Frisco,A2,A2,538,1575,3,0,3,1625,3,0,0,0,0,0,0,0,0,0,0,0,0,0,0,0,0,0,0,0,0,0,0,0,1,1,1,1,0.3333333333333333,0,0,1,1,1,1,0.3333333333333333,0.3333333333333333,0,2,1625,1,1
518041,The Academy at Frisco,The Academy at Frisco,B1,B1,403.5,959.5098039215686,48,0,48,1080.8823529411766,48,0,0,0,0,0,0,0,0,2,0,0,0,2,0.041666666666666664,2,1,0,0,2,1,0.020833333333333332,11,26,33,22,44,48,1,13,29,33,22,46,51,0.9583333333333334,1.0625,0.10416666666666663,-3,55125,2,2
518041,The Academy at Frisco,The Academy at Frisco,B2,B2,375,790,10,0,10,1043.5,10,0,0,0,0,0,0,0,0,0,0,0,0,0,0,0,0,0,0,0,0,0,5,4,3,6,8,10,1,5,4,3,6,8,10,0.8,1,0.19999999999999996,0,10435,2,2
518041,The Academy at Frisco,The Academy at Frisco,B3,B3,393,1800,10,0,10,1062.7777777777778,9,0,0,0,0,0,0,0,0,0,0,0,0,0,0,0,0,0,0,0,0,0,2,8,1,1,3,9,0.9,2,8,1,1,3,9,0.3,0.9,0.6000000000000001,1,9565,2,2
518041,The Academy at Frisco,The Academy at Frisco,C1,C1,346,903.6111111111111,18,0,18,1048.611111111111,18,0,0,0,0,0,0,0,0,0,0,0,0,0,0,0,0,0,0,0,0,0,10,3,8,15,18,18,1,10,3,8,15,18,18,1,1,0,0,18875,3,3
518041,The Academy at Frisco,The Academy at Frisco,D1,D1,340,871.9907407407408,228,0,228,948.9120370370371,222,5,1,0,1,5,2,0.008771929824561403,8,3,0,0,8,3,0.013157894736842105,0,2,0,0,0,2,0.008771929824561403,85,128,102,81,187,209,0.9166666666666666,98,134,102,82,200,216,0.8771929824561403,0.9473684210526315,0.07017543859649122,12,204965,4,4
518041,The Academy at Frisco,The Academy at Frisco,D2,D2,351,892.1804511278195,140,0,140,938.421052631579,140,0,4,0,1,0,5,0.03571428571428571,5,1,0,0,5,1,0.007142857142857143,0,0,0,0,0,0,0,39,75,87,52,126,127,0.9071428571428571,44,80,87,53,131,133,0.9357142857142857,0.95,0.014285714285714235,7,124810,4,4
518041,The Academy at Frisco,The Academy at Frisco,D3,D3,353,756.25,16,0,16,986.25,16,0,0,0,0,0,0,0,1,1,0,0,1,1,0.0625,0,0,0,0,0,0,0,4,9,9,6,13,15,0.9375,5,10,9,6,14,16,0.875,1,0.125,0,15780,4,4
518041,The Academy at Frisco,The Academy at Frisco,D4,D4,364,969.7916666666666,40,0,40,1062.7083333333333,40,0,3,0,0,0,3,0.075,3,2,0,0,3,2,0.05,0,0,0,0,0,0,0,12,7,21,12,33,19,0.475,15,12,21,12,36,24,0.9,0.6,-0.30000000000000004,16,25505,4,4
518041,The Academy at Frisco,The Academy at Frisco,D5,D5,335,948.7068965517242,76,0,76,1003.1896551724138,75,0,3,0,0,0,3,0.039473684210526314,9,1,0,0,9,1,0.013157894736842105,0,1,0,0,0,1,0.013157894736842105,29,30,29,23,58,53,0.6973684210526315,38,35,29,23,67,58,0.881578947368421,0.7631578947368421,-0.11842105263157887,18,58185,4,4
518041,The Academy at Frisco,The Academy at Frisco,Not Selected,Not Selected,0,0,0,0,0,0,0,0,0,0,0,0,0,0,0,0,0,0,0,0,0,0,0,0,0,0,0,0,0,0,0,0,0,0,0,0,0,0,0,0,0,0,0,0,0,0,NA,NA
518041,The Academy at Frisco,The Academy at Frisco,Studio,Studio,434,1371.0714285714287,20,0,20,1384.2857142857142,20,0,0,0,0,0,0,0,0,1,0,0,0,1,0.05,0,1,0,0,0,1,0.05,7,3,7,9,14,12,0.6,7,5,7,9,14,14,0.7,0.7,0,6,19380,NA,1
518042,The Academy on Charles,The Academy on Charles,A1,A1,441,2100,1,0,1,2100,1,0,0,0,0,0,0,0,0,0,0,0,0,0,0,0,0,0,0,0,0,0,0,1,1,0,1,1,1,0,1,1,0,1,1,1,1,0,0,2100,1,1
518042,The Academy on Charles,The Academy on Charles,A2,A2,667,2225,1,0,1,2225,1,0,0,0,0,0,0,0,0,1,0,0,0,1,1,0,0,0,0,0,0,0,0,0,1,1,1,1,1,0,1,1,1,1,2,1,2,1,-1,4450,1,1
518042,The Academy on Charles,The Academy on Charles,B1,B1,305.4,1692.5,10,0,10,1698.3333333333333,10,0,0,0,0,0,0,0,0,2,0,0,0,2,0.2,1,1,0,0,1,1,0.1,6,7,3,2,9,9,0.9,7,10,3,2,10,12,1,1.2,0.19999999999999996,-2,20380,2,2
518042,The Academy on Charles,The Academy on Charles,B2,B2,331.5,1732.5,8,0,8,1726.25,8,0,0,0,0,0,0,0,0,0,0,0,0,0,0,0,0,0,0,0,0,0,0,8,8,0,8,8,1,0,8,8,0,8,8,1,1,0,0,13810,2,2
518042,The Academy on Charles,The Academy on Charles,B3,B3,327,1696.4285714285713,6,0,6,1706.4285714285713,6,0,0,0,0,0,0,0,0,2,0,0,0,2,0.3333333333333333,0,0,0,0,0,0,0,5,2,0,3,5,5,0.8333333333333334,5,4,0,3,5,7,0.8333333333333334,1.1666666666666667,0.33333333333333337,-1,11945,2,2
518042,The Academy on Charles,The Academy on Charles,B4,B4,335.75,1720,8,0,8,1690,7,0,0,0,0,0,0,0,1,0,0,0,1,0,0,0,0,0,0,0,0,0,1,0,4,2,5,2,0.25,2,0,4,2,6,2,0.75,0.25,-0.5,6,3380,2,1
518042,The Academy on Charles,The Academy on Charles,B5,B5,365.5,0,8,0,8,0,8,0,0,0,0,0,0,0,1,0,0,0,1,0,0,3,0,0,0,3,0,0,0,0,2,0,2,0,0,4,0,2,0,6,0,0.75,0,-0.75,8,0,2,1
518042,The Academy on Charles,The Academy on Charles,B6,B6,447,1746.6666666666667,10,0,10,1733.888888888889,9,0,0,0,0,0,0,0,2,0,0,0,2,0,0,2,0,0,0,2,0,0,1,4,2,5,3,9,0.9,5,4,2,5,7,9,0.7,0.9,0.20000000000000007,1,15605,2,2
518042,The Academy on Charles,The Academy on Charles,C1,C1,364.5,1580,12,0,12,1567.5,12,0,0,0,0,0,0,0,1,0,0,0,1,0,0,1,0,0,0,1,0,0,3,9,4,3,7,12,1,5,9,4,3,9,12,0.75,1,0.25,0,18810,3,3
518042,The Academy on Charles,The Academy on Charles,C2,C2,339,1484.5454545454545,36,0,36,1638.8636363636363,36,0,0,0,0,0,0,0,2,0,0,0,2,0,0,0,0,0,0,0,0,0,8,13,14,9,22,22,0.6111111111111112,10,13,14,9,24,22,0.6666666666666666,0.6111111111111112,-0.05555555555555547,14,36055,3,3
518042,The Academy on Charles,The Academy on Charles,C3,C3,283,1578.2608695652175,24,0,24,1579.3478260869565,24,0,0,0,0,0,0,0,0,0,0,0,0,0,0,3,2,0,0,3,2,0.08333333333333333,5,17,11,4,16,21,0.875,8,19,11,4,19,23,0.7916666666666666,0.9583333333333334,0.16666666666666674,1,36325,3,3
518042,The Academy on Charles,The Academy on Charles,C4,C4,422,1625,3,0,3,1625,3,0,0,0,0,0,0,0,0,0,0,0,0,0,0,0,0,0,0,0,0,0,0,0,1,1,1,1,0.3333333333333333,0,0,1,1,1,1,0.3333333333333333,0.3333333333333333,0,2,1625,3,3
518042,The Academy on Charles,The Academy on Charles,D1,D1,281.3076923076923,1565.8333333333333,104,0,104,1551.6666666666667,104,0,0,0,0,0,0,0,0,0,0,0,0,0,0,0,0,0,0,0,0,0,1,1,13,5,14,6,0.057692307692307696,1,1,13,5,14,6,0.1346153846153846,0.057692307692307696,-0.07692307692307691,98,9310,4,4
518042,The Academy on Charles,The Academy on Charles,D2,D2,351.8,1585.8333333333333,40,0,40,1557.2222222222222,40,1,0,0,0,1,0,0,2,1,0,0,2,1,0.025,2,0,0,0,2,0,0,21,4,12,13,33,17,0.425,26,5,12,13,38,18,0.95,0.45,-0.49999999999999994,22,28030,4,4
518042,The Academy on Charles,The Academy on Charles,D3,D3,307.6,1529.2105263157894,20,0,20,1525.5263157894738,20,0,0,0,0,0,0,0,3,0,0,0,3,0,0,0,0,0,1,0,1,0.05,4,9,4,9,8,18,0.9,7,9,4,10,11,19,0.55,0.95,0.3999999999999999,1,28985,4,4
518042,The Academy on Charles,The Academy on Charles,D4,D4,267,1515,32,0,32,1502.5,32,0,0,0,0,0,0,0,0,0,0,0,0,0,0,0,0,0,0,0,0,0,4,4,8,4,12,8,0.25,4,4,8,4,12,8,0.375,0.25,-0.125,24,12020,4,2
518042,The Academy on Charles,The Academy on Charles,Not Selected,Not Selected,0,0,0,0,0,0,0,0,0,0,0,0,0,0,0,0,0,0,0,0,0,0,0,0,0,0,0,0,0,0,0,0,0,0,0,0,0,0,0,0,0,0,0,0,0,0,NA,NA
518042,The Academy on Charles,The Academy on Charles,S1,S1,351,2057.5,4,0,4,2022.5,4,0,0,0,0,0,0,0,0,0,0,0,0,0,0,0,0,0,0,0,0,0,0,1,4,3,4,4,1,0,1,4,3,4,4,1,1,0,0,8090,NA,1
518042,The Academy on Charles,The Academy on Charles,S2,S2,423,2465,1,0,1,2465,1,0,0,0,0,0,0,0,0,0,0,0,0,0,0,0,0,0,0,0,0,0,0,1,1,0,1,1,1,0,1,1,0,1,1,1,1,0,0,2465,0,1
1197886,The Caswell at Runnymeade,The Caswell at Runnymeade,A1.1,A1.1,849,0,3,0,3,0,1,0,0,0,0,0,0,0,0,0,0,0,0,0,0,0,0,0,0,0,0,0,3,0,0,0,3,0,0,3,0,0,0,3,0,1,0,-1,3,0,1,1
1197886,The Caswell at Runnymeade,The Caswell at Runnymeade,A1.2,A1.2,881,0,2,0,2,0,1,0,0,0,0,0,0,0,0,0,0,0,0,0,0,0,0,0,0,0,0,0,1,0,0,0,1,0,0,1,0,0,0,1,0,0.5,0,-0.5,2,0,1,1
1197886,The Caswell at Runnymeade,The Caswell at Runnymeade,A2,A2,1052,0,4,0,4,0,4,0,0,0,0,0,0,0,0,0,0,0,0,0,0,0,0,0,0,0,0,0,0,0,0,0,0,0,0,0,0,0,0,0,0,0,0,0,4,0,1,1
1197886,The Caswell at Runnymeade,The Caswell at Runnymeade,A3,A3,805,2300,16,0,16,2403,16,0,0,0,0,0,0,0,0,0,0,0,0,0,0,1,0,0,1,1,1,0.0625,6,4,0,5,6,9,0.5625,7,4,0,6,7,10,0.4375,0.625,0.1875,6,24030,1,1
1197886,The Caswell at Runnymeade,The Caswell at Runnymeade,A4,A4,858,2307,16,0,16,2404.375,15,0,0,0,1,0,1,0.0625,0,0,0,0,0,0,0,0,0,0,0,0,0,0,10,3,0,4,10,7,0.4375,10,3,0,5,10,8,0.625,0.5,-0.125,8,19235,1,1
1197886,The Caswell at Runnymeade,The Caswell at Runnymeade,A5.1,A5.1,1059,2519,6,0,6,2815.3333333333335,6,0,0,0,0,0,0,0,0,0,0,0,0,0,0,0,0,0,0,0,0,0,1,1,0,2,1,3,0.5,1,1,0,2,1,3,0.16666666666666666,0.5,0.33333333333333337,3,8446,1,1
1197886,The Caswell at Runnymeade,The Caswell at Runnymeade,A5.2,A5.2,1071,2672,6,0,6,2868,6,0,0,0,0,0,0,0,0,0,0,0,0,0,0,0,0,0,0,0,0,0,2,1,0,1,2,2,0.3333333333333333,2,1,0,1,2,2,0.3333333333333333,0.3333333333333333,0,4,5736,1,1
1197886,The Caswell at Runnymeade,The Caswell at Runnymeade,A6,A6,1048,2723,4,0,4,2334,4,0,0,0,0,0,0,0,0,0,0,0,0,0,0,0,0,0,0,0,0,0,1,1,0,0,1,1,0.25,1,1,0,0,1,1,0.25,0.25,0,3,2334,1,1
1197886,The Caswell at Runnymeade,The Caswell at Runnymeade,A7,A7,1192,2723,8,0,8,3005.25,8,0,0,0,1,0,1,0.125,0,0,0,0,0,0,0,0,0,0,1,0,1,0.125,4,1,0,1,4,2,0.25,4,1,0,3,4,4,0.5,0.5,0,4,12021,1,1
1197886,The Caswell at Runnymeade,The Caswell at Runnymeade,B1,B1,1277.578313253012,2870.6744186046512,85,2,83,3153.860465116279,70,0,0,0,1,0,1,0.012048192771084338,0,1,0,0,0,1,0.012048192771084338,0,1,0,5,0,6,0.07228915662650602,20,24,0,11,20,35,0.42168674698795183,20,26,0,17,20,43,0.24096385542168675,0.5180722891566265,0.27710843373493976,40,135616,2,2
1197886,The Caswell at Runnymeade,The Caswell at Runnymeade,B1.2,B1.2,1289,2881,7,0,7,3263,6,0,0,0,0,0,0,0,0,0,0,0,0,0,0,2,0,0,0,2,0,0,0,2,0,1,0,3,0.42857142857142855,2,2,0,1,2,3,0.2857142857142857,0.42857142857142855,0.14285714285714285,4,9789,2,2
1197886,The Caswell at Runnymeade,The Caswell at Runnymeade,B2,B2,1365,2326.4736842105262,38,0,38,3388.0526315789475,29,0,0,0,0,0,0,0,0,0,0,0,0,0,0,2,1,0,0,2,1,0.02631578947368421,11,9,0,9,11,18,0.47368421052631576,13,10,0,9,13,19,0.34210526315789475,0.5,0.15789473684210525,19,64373,2,2
1197886,The Caswell at Runnymeade,The Caswell at Runnymeade,B3.1,B3.1,1260,2881,4,0,4,3341,3,0,0,0,0,0,0,0,0,0,0,0,0,0,0,1,0,0,0,1,0,0,0,1,0,0,0,1,0.25,1,1,0,0,1,1,0.25,0.25,0,3,3341,2,2
1197886,The Caswell at Runnymeade,The Caswell at Runnymeade,B3.3,B3.3,1307,2889,2,0,2,3819,1,0,0,0,0,0,0,0,0,0,0,0,0,0,0,0,0,0,0,0,0,0,0,1,0,0,0,1,0.5,0,1,0,0,0,1,0,0.5,0.5,1,3819,2,2
1197886,The Caswell at Runnymeade,The Caswell at Runnymeade,C1,C1,1660,3621.1428571428573,16,0,16,3614.5714285714284,14,0,0,0,0,0,0,0,0,0,0,0,0,0,0,1,1,0,0,1,1,0.0625,4,4,0,2,4,6,0.375,5,5,0,2,5,7,0.3125,0.4375,0.125,9,25302,3,2
1197886,The Caswell at Runnymeade,The Caswell at Runnymeade,C2,C2,1595,3571.133333333333,32,0,32,4205,28,1,1,0,0,1,1,0.03125,0,0,0,0,0,0,0,0,0,0,1,0,1,0.03125,11,6,0,7,11,13,0.40625,12,7,0,8,12,15,0.375,0.46875,0.09375,17,63075,3,2
1197886,The Caswell at Runnymeade,The Caswell at Runnymeade,Not Selected,Not Selected,0,0,0,0,0,0,0,0,0,0,0,0,0,0,0,0,0,0,0,0,0,0,0,0,0,0,0,0,0,0,0,0,0,0,0,0,0,0,0,0,0,0,0,0,0,0,NA,NA
833617,The Dean Campustown,The Dean Campustown,A1,A1,533,1966.7857142857142,14,0,14,2128.214285714286,13,0,0,0,0,0,0,0,0,0,0,0,0,0,0,1,0,0,0,1,0,0,5,10,9,4,14,14,1,6,10,9,4,15,14,1.0714285714285714,1,-0.0714285714285714,0,29795,1,1
833617,The Dean Campustown,The Dean Campustown,A2 Deluxe,A2 Deluxe,133,2107.8571428571427,28,0,28,1088.392857142857,28,0,0,0,0,0,0,0,2,0,0,0,2,0,0,2,0,0,0,2,0,0,14,14,12,14,26,28,1,18,14,12,14,30,28,1.0714285714285714,1,-0.0714285714285714,0,30475,1,1
833617,The Dean Campustown,The Dean Campustown,B1,B1,184,1356.25,28,0,28,1351.7857142857142,28,0,0,0,0,0,0,0,4,0,0,0,4,0,0,0,0,0,0,0,0,0,12,22,10,6,22,28,1,16,22,10,6,26,28,0.9285714285714286,1,0.0714285714285714,0,37850,2,1
833617,The Dean Campustown,The Dean Campustown,B2,B2,222,1486.111111111111,28,0,28,1453.7037037037037,28,0,0,0,0,0,0,0,0,1,0,0,0,1,0.03571428571428571,0,0,0,0,0,0,0,15,17,12,9,27,26,0.9285714285714286,15,18,12,9,27,27,0.9642857142857143,0.9642857142857143,0,1,39250,2,2
833617,The Dean Campustown,The Dean Campustown,B3 XL,B3 XL,66,1666.6666666666667,56,0,56,822.3958333333334,56,0,0,0,2,0,2,0.03571428571428571,0,0,0,0,0,0,0,2,2,0,0,2,2,0.03571428571428571,26,20,12,24,38,44,0.7857142857142857,28,22,12,26,40,48,0.7142857142857143,0.8571428571428571,0.1428571428571428,8,39475,2,2
833617,The Dean Campustown,The Dean Campustown,B4 XL,B4 XL,73,1315.8333333333333,56,0,56,873.2291666666666,56,0,0,0,2,0,2,0.03571428571428571,0,0,0,2,0,2,0.03571428571428571,0,0,0,0,0,0,0,14,6,32,38,46,44,0.7857142857142857,14,6,32,42,46,48,0.8214285714285714,0.8571428571428571,0.0357142857142857,8,41915,2,2
833617,The Dean Campustown,The Dean Campustown,D1,D1,70,1146.341463414634,56,0,56,1059.1463414634147,48,0,0,0,0,0,0,0,1,0,0,0,1,0,0,2,0,0,0,2,0,0,20,23,13,18,33,41,0.7321428571428571,23,23,13,18,36,41,0.6428571428571429,0.7321428571428571,0.08928571428571419,15,43425,4,2
833617,The Dean Campustown,The Dean Campustown,D2,D2,71,1164.8148148148148,56,0,56,1088.888888888889,55,0,1,0,1,0,2,0.03571428571428571,0,0,0,0,0,0,0,1,0,0,0,1,0,0,26,17,7,8,33,25,0.44642857142857145,27,18,7,9,34,27,0.6071428571428571,0.48214285714285715,-0.12499999999999994,29,29400,4,2
833617,The Dean Campustown,The Dean Campustown,D3,D3,81,1196.875,56,0,56,1142.7083333333333,53,2,0,0,1,2,1,0.017857142857142856,4,1,0,0,4,1,0.017857142857142856,1,0,0,0,1,0,0,2,13,17,9,19,22,0.39285714285714285,9,14,17,10,26,24,0.4642857142857143,0.42857142857142855,-0.035714285714285754,32,27425,4,4
833617,The Dean Campustown,The Dean Campustown,D4,D4,81,1161.607142857143,56,0,56,1189.2857142857142,56,0,0,0,0,0,0,0,2,2,0,0,2,2,0.03571428571428571,0,0,0,0,0,0,0,16,19,15,7,31,26,0.4642857142857143,18,21,15,7,33,28,0.5892857142857143,0.5,-0.0892857142857143,28,33300,4,4
833617,The Dean Campustown,The Dean Campustown,D5,D5,84,1200.7142857142858,56,0,56,1222.857142857143,56,0,0,0,0,0,0,0,3,0,1,0,4,0,0,0,0,0,0,0,0,0,16,23,20,12,36,35,0.625,19,23,21,12,40,35,0.7142857142857143,0.625,-0.0892857142857143,21,42800,4,4
833617,The Dean Campustown,The Dean Campustown,M1,M1,374.6666666666667,1761.860465116279,84,0,84,1691.9767441860465,82,0,0,0,2,0,2,0.023809523809523808,0,0,0,0,0,0,0,0,0,0,0,0,0,0,9,14,23,27,32,41,0.4880952380952381,9,14,23,29,32,43,0.38095238095238093,0.5119047619047619,0.13095238095238093,41,72755,NA,1
833617,The Dean Campustown,The Dean Campustown,Not Selected,Not Selected,0,0,0,0,0,0,0,0,0,0,0,0,0,0,0,0,0,0,0,0,0,0,0,0,0,0,0,0,0,0,0,0,0,0,0,0,0,0,0,0,0,0,0,0,0,0,NA,NA
833617,The Dean Campustown,The Dean Campustown,S1,S1,456,1741.3793103448277,42,0,42,1959.4827586206898,41,0,0,0,1,0,1,0.023809523809523808,0,0,1,0,1,0,0,1,0,0,0,1,0,0,10,8,19,20,29,28,0.6666666666666666,11,8,20,21,31,29,0.7380952380952381,0.6904761904761905,-0.04761904761904767,13,56825,NA,1
833617,The Dean Campustown,The Dean Campustown,S2,S2,466,1763.6666666666667,28,0,28,2061.3333333333335,28,0,0,0,2,0,2,0.07142857142857142,0,0,0,0,0,0,0,0,0,0,0,0,0,0,6,0,7,13,13,13,0.4642857142857143,6,0,7,15,13,15,0.4642857142857143,0.5357142857142857,0.0714285714285714,13,30920,NA,1
833617,The Dean Campustown,The Dean Campustown,S3 XL,S3 XL,154,1730,28,0,28,1113.75,28,0,2,0,0,0,2,0.07142857142857142,0,0,2,0,2,0,0,0,0,2,0,2,0,0,4,2,6,12,10,14,0.5,4,4,10,12,14,16,0.5,0.5714285714285714,0.0714285714285714,12,17820,1,1
1197887,The Dean Reno,The Dean Reno,A1,A1,575,2320,1,0,1,2377.5,1,0,0,0,0,0,0,0,0,1,0,0,0,1,1,0,0,0,0,0,0,0,1,1,0,0,1,1,1,1,2,0,0,1,2,1,2,1,-1,4755,1,1
1197887,The Dean Reno,The Dean Reno,B1,B1,375,1926.6842105263158,36,0,36,1253.8947368421052,35,1,1,0,1,1,2,0.05555555555555555,0,1,0,0,0,1,0.027777777777777776,3,0,0,0,3,0,0,3,16,5,19,8,35,0.9722222222222222,7,18,5,20,12,38,0.3333333333333333,1.0555555555555556,0.7222222222222223,-2,47648,2,2
1197887,The Dean Reno,The Dean Reno,B2,B2,430,1150.1666666666667,34,0,34,1364.8666666666666,33,0,1,1,1,1,2,0.058823529411764705,0,0,0,0,0,0,0,2,0,0,0,2,0,0,8,10,10,18,18,28,0.8235294117647058,10,11,11,19,21,30,0.6176470588235294,0.8823529411764706,0.2647058823529411,4,40946,2,2
1197887,The Dean Reno,The Dean Reno,C1,C1,366,1365,3,0,3,1480,2,0,0,0,0,0,0,0,0,0,0,0,0,0,0,0,0,0,0,0,0,0,0,0,1,2,1,2,0.6666666666666666,0,0,1,2,1,2,0.3333333333333333,0.6666666666666666,0.3333333333333333,1,2960,3,3
1197887,The Dean Reno,The Dean Reno,D1,D1,313,886.5254237288135,180,0,180,959.1355932203389,156,10,14,3,3,13,17,0.09444444444444444,6,15,0,0,6,15,0.08333333333333333,4,3,1,0,5,3,0.016666666666666666,9,51,9,32,18,83,0.46111111111111114,29,83,13,35,42,118,0.23333333333333334,0.6555555555555556,0.4222222222222222,62,113178,4,4
1197887,The Dean Reno,The Dean Reno,D2,D2,312,959.3877551020408,140,0,140,1004.2857142857143,115,1,3,1,2,2,5,0.03571428571428571,2,2,0,0,2,2,0.014285714285714285,8,0,0,1,8,1,0.007142857142857143,8,7,5,34,13,41,0.29285714285714287,19,12,6,37,25,49,0.17857142857142858,0.35,0.1714285714285714,91,49210,4,4
1197887,The Dean Reno,The Dean Reno,D3,D3,314,890.2631578947369,64,0,64,981.3157894736842,47,0,2,1,0,1,2,0.03125,3,2,0,0,3,2,0.03125,1,0,0,0,1,0,0,3,7,6,8,9,15,0.234375,7,11,7,8,14,19,0.21875,0.296875,0.078125,45,18645,4,4
1197887,The Dean Reno,The Dean Reno,D4,D4,283,852.0833333333334,45,0,45,983.5416666666666,26,0,1,0,2,0,3,0.06666666666666667,0,0,0,0,0,0,0,1,0,0,0,1,0,0,4,2,0,19,4,21,0.4666666666666667,5,3,0,21,5,24,0.1111111111111111,0.5333333333333333,0.4222222222222222,21,23605,4,4
1197887,The Dean Reno,The Dean Reno,D5,D5,285,871.3888888888889,36,0,36,911.9444444444445,31,0,2,0,0,0,2,0.05555555555555555,0,0,0,0,0,0,0,2,0,0,0,2,0,0,0,11,9,5,9,16,0.4444444444444444,2,13,9,5,11,18,0.3055555555555556,0.5,0.19444444444444442,18,16415,4,3
1197887,The Dean Reno,The Dean Reno,E1,E1,277,891.1666666666666,90,0,90,904.6666666666666,74,1,0,1,3,2,3,0.03333333333333333,1,0,0,0,1,0,0,3,0,0,0,3,0,0,10,10,9,17,19,27,0.3,15,10,10,20,25,30,0.2777777777777778,0.3333333333333333,0.055555555555555525,60,27140,5,3
1197887,The Dean Reno,The Dean Reno,E1 Alt,E1 Alt,277,780.9090909090909,45,0,45,948.6363636363636,32,0,0,0,1,0,1,0.022222222222222223,0,0,0,0,0,0,0,4,0,0,0,4,0,0,3,1,0,9,3,10,0.2222222222222222,7,1,0,10,7,11,0.15555555555555556,0.24444444444444444,0.08888888888888888,34,10435,5,3
1197887,The Dean Reno,The Dean Reno,E2,E2,252,877.7083333333334,54,0,54,853.5416666666666,43,1,2,0,0,1,2,0.037037037037037035,2,3,0,0,2,3,0.05555555555555555,2,0,0,0,2,0,0,14,9,13,10,27,19,0.35185185185185186,19,14,13,10,32,24,0.5925925925925926,0.4444444444444444,-0.14814814814814814,30,20485,5,3
1197887,The Dean Reno,The Dean Reno,E3,E3,274,835,45,0,45,931.4285714285714,41,1,0,1,2,2,2,0.044444444444444446,1,0,0,0,1,0,0,0,0,0,0,0,0,0,2,10,3,2,5,12,0.26666666666666666,4,10,4,4,8,14,0.17777777777777778,0.3111111111111111,0.13333333333333333,31,13040,5,3
1197887,The Dean Reno,The Dean Reno,Not Selected,Not Selected,0,0,0,0,0,0,0,0,0,0,0,0,0,0,0,0,0,0,0,0,0,0,0,0,0,0,0,0,0,0,0,0,0,0,0,0,0,0,0,0,0,0,0,0,0,0,NA,NA
518046,The Rise at Northgate,The Rise at Northgate,A1,A1,558.1111111111111,1894.3333333333333,36,0,36,1960,36,0,0,0,0,0,0,0,0,0,0,0,0,0,0,1,0,0,1,1,1,0.027777777777777776,5,4,26,25,31,29,0.8055555555555556,6,4,26,26,32,30,0.8888888888888888,0.8333333333333334,-0.05555555555555547,6,58800,1,1
518046,The Rise at Northgate,The Rise at Northgate,A2,A2,543,1815,4,0,4,1910,4,0,0,0,0,0,0,0,0,0,0,0,0,0,0,0,0,0,0,0,0,0,3,0,1,2,4,2,0.5,3,0,1,2,4,2,1,0.5,-0.5,2,3820,1,1
518046,The Rise at Northgate,The Rise at Northgate,A3,A3,800,2500,1,0,1,2600,1,0,0,0,0,0,0,0,0,0,0,0,0,0,0,0,1,0,0,0,1,1,0,0,0,0,0,0,0,0,1,0,0,0,1,0,1,1,0,2600,1,1
518046,The Rise at Northgate,The Rise at Northgate,B1,B1,435.14285714285717,1181.547619047619,42,0,42,1322.142857142857,42,0,0,0,0,0,0,0,1,1,0,0,1,1,0.023809523809523808,0,0,0,0,0,0,0,10,21,27,20,37,41,0.9761904761904762,11,22,27,20,38,42,0.9047619047619048,1,0.09523809523809523,0,55530,2,2
518046,The Rise at Northgate,The Rise at Northgate,B2,B2,500,1470,4,0,4,1542.5,4,0,0,0,0,0,0,0,1,0,0,0,1,0,0,0,0,0,0,0,0,0,0,0,2,4,2,4,1,1,0,2,4,3,4,0.75,1,0.25,0,6170,2,2
518046,The Rise at Northgate,The Rise at Northgate,B3,B3,591,1440,2,0,2,1567.5,2,0,0,0,0,0,0,0,0,0,0,0,0,0,0,0,0,0,0,0,0,0,0,0,2,2,2,2,1,0,0,2,2,2,2,1,1,0,0,3135,2,2
518046,The Rise at Northgate,The Rise at Northgate,C1,C1,400,1215,3,0,3,1322.5,3,0,0,0,0,0,0,0,0,0,0,0,0,0,0,0,0,0,0,0,0,0,0,0,3,2,3,2,0.6666666666666666,0,0,3,2,3,2,1,0.6666666666666666,-0.33333333333333337,1,2645,3,4
518046,The Rise at Northgate,The Rise at Northgate,D1,D1,345.14285714285717,1095,252,0,252,1104.97311827957,252,4,3,0,0,4,3,0.011904761904761904,14,2,2,0,16,2,0.007936507936507936,0,8,0,0,0,8,0.031746031746031744,67,65,127,108,194,173,0.6865079365079365,85,78,129,108,214,186,0.8492063492063492,0.7380952380952381,-0.11111111111111105,66,205525,4,4
518046,The Rise at Northgate,The Rise at Northgate,D2,D2,428,1100,4,0,4,1177.5,4,0,0,0,0,0,0,0,0,0,0,0,0,0,0,0,0,0,0,0,0,0,2,1,2,3,4,4,1,2,1,2,3,4,4,1,1,0,0,4710,4,4
518046,The Rise at Northgate,The Rise at Northgate,D3,D3,347,1095.909090909091,40,0,40,1123.3333333333333,40,0,0,0,0,0,0,0,3,1,1,0,4,1,0.025,2,2,0,0,2,2,0.05,7,17,20,13,27,30,0.75,12,20,21,13,33,33,0.825,0.825,0,7,37070,4,4
518046,The Rise at Northgate,The Rise at Northgate,E1,E1,300,986.6666666666666,15,0,15,1032.3333333333333,15,0,0,0,0,0,0,0,0,0,0,0,0,0,0,0,0,0,0,0,0,0,5,3,9,12,14,15,1,5,3,9,12,14,15,0.9333333333333333,1,0.06666666666666665,0,15485,5,5
518046,The Rise at Northgate,The Rise at Northgate,E2,E2,300,925.3448275862069,30,0,30,1056.896551724138,30,0,0,0,0,0,0,0,0,0,0,0,0,0,0,0,0,0,0,0,0,0,7,9,21,20,28,29,0.9666666666666667,7,9,21,20,28,29,0.9333333333333333,0.9666666666666667,0.033333333333333326,1,30650,5,5
518046,The Rise at Northgate,The Rise at Northgate,E3,E3,300,1003.3333333333334,5,0,5,1063.3333333333333,5,0,0,0,0,0,0,0,0,1,0,0,0,1,0.2,0,0,0,0,0,0,0,1,4,4,1,5,5,1,1,5,4,1,5,6,1,1.2,0.19999999999999996,-1,6380,5,5
518046,The Rise at Northgate,The Rise at Northgate,F1,F1,350,891.6666666666666,6,0,6,941.6666666666666,6,0,0,0,0,0,0,0,0,0,0,0,0,0,0,0,0,0,0,0,0,0,2,2,1,4,3,6,1,2,2,1,4,3,6,0.5,1,0.5,0,5650,6,6
518046,The Rise at Northgate,The Rise at Northgate,Not Selected,Not Selected,0,0,0,0,0,0,0,0,0,0,0,0,0,0,0,0,0,0,0,0,0,0,0,0,0,0,0,0,0,0,0,0,0,0,0,0,0,0,0,0,0,0,0,0,0,0,NA,NA
518046,The Rise at Northgate,The Rise at Northgate,S1,S1,450,1742.5,21,0,21,1760.25,21,0,0,0,0,0,0,0,0,0,0,0,0,0,0,0,1,0,0,0,1,0.047619047619047616,3,8,10,11,13,19,0.9047619047619048,3,9,10,11,13,20,0.6190476190476191,0.9523809523809523,0.33333333333333326,1,35205,1,1
1143679,Torre,Torre,A1,A1,630,3000,3,0,3,2933.3333333333335,3,0,0,0,0,0,0,0,0,0,0,0,0,0,0,1,0,0,0,1,0,0,1,1,1,2,2,3,1,2,1,1,2,3,3,1,1,0,0,8800,1,1
1143679,Torre,Torre,A2,A2,665,2680,1,0,1,2880,1,0,0,0,0,0,0,0,0,0,0,0,0,0,0,0,0,0,0,0,0,0,0,0,1,1,1,1,1,0,0,1,1,1,1,1,1,0,0,2880,1,1
1143679,Torre,Torre,B1,B1,394,1820,2,0,2,1820,2,0,1,0,0,0,1,0.5,0,0,0,0,0,0,0,0,0,0,0,0,0,0,2,1,0,0,2,1,0.5,2,2,0,0,2,2,1,1,0,0,3640,2,2
1143679,Torre,Torre,B2,B2,424,1850,10,0,10,1820,9,0,0,0,0,0,0,0,0,0,0,0,0,0,0,0,0,0,0,0,0,0,6,1,1,1,7,2,0.2,6,1,1,1,7,2,0.7,0.2,-0.49999999999999994,8,3640,2,2
1143679,Torre,Torre,B3,B3,420,1925,4,0,4,2037.5,3,0,0,0,0,0,0,0,0,0,0,0,0,0,0,0,0,0,0,0,0,0,2,1,1,3,3,4,1,2,1,1,3,3,4,0.75,1,0.25,0,8150,2,2
1143679,Torre,Torre,B4,B4,461,2000,2,0,2,2100,2,0,0,0,0,0,0,0,0,0,0,0,0,0,0,0,0,0,0,0,0,0,1,0,1,2,2,2,1,1,0,1,2,2,2,1,1,0,0,4200,2,2
1143679,Torre,Torre,B5 - SHARED,B5 - SHARED,229,991.9444444444445,44,0,44,951.9444444444445,43,0,1,0,2,0,3,0.06818181818181818,3,0,0,0,3,0,0,2,0,0,0,2,0,0,12,5,8,10,20,15,0.3409090909090909,17,6,8,12,25,18,0.5681818181818182,0.4090909090909091,-0.15909090909090912,26,17135,2,2
1143679,Torre,Torre,B5.2 DELUXE,B5.2 DELUXE,229,1900,12,0,12,880,6,0,0,0,0,0,0,0,0,0,0,0,0,0,0,0,0,0,0,0,0,0,0,4,0,0,0,4,0.3333333333333333,0,4,0,0,0,4,0,0.3333333333333333,0.3333333333333333,8,3520,2,2
1143679,Torre,Torre,B6 DELUXE,B6 DELUXE,227,2025,36,0,36,1002.5,30,0,0,0,0,0,0,0,0,0,0,2,0,2,0.05555555555555555,4,0,0,0,4,0,0,0,4,5,2,5,6,0.16666666666666666,4,4,5,4,9,8,0.25,0.2222222222222222,-0.02777777777777779,28,8020,2,2
1143679,Torre,Torre,B7 - SEMI-SHARED,B7 - SEMI-SHARED,318,960,12,0,12,863.75,8,0,0,0,0,0,0,0,0,0,0,0,0,0,0,0,0,0,0,0,0,0,8,1,0,7,8,8,0.6666666666666666,8,1,0,7,8,8,0.6666666666666666,0.6666666666666666,0,4,6910,2,2
1143679,Torre,Torre,B8 DELUXE,B8 DELUXE,246,1760,28,0,28,880,18,0,2,0,0,0,2,0.07142857142857142,0,0,0,0,0,0,0,2,2,0,0,2,2,0.07142857142857142,2,0,2,0,4,0,0,4,4,2,0,6,4,0.21428571428571427,0.14285714285714285,-0.07142857142857142,24,3520,2,2
1143679,Torre,Torre,B9 - SHARED,B9 - SHARED,240,733.4782608695652,24,0,24,893.0434782608696,24,0,0,0,0,0,0,0,1,0,0,0,1,0,0,1,0,0,0,1,0,0,13,13,5,10,18,23,0.9583333333333334,15,13,5,10,20,23,0.8333333333333334,0.9583333333333334,0.125,1,20540,2,2
1143679,Torre,Torre,C1,C1,328,1610,3,0,3,1615,3,0,0,0,0,0,0,0,0,0,0,0,0,0,0,0,0,0,0,0,0,0,2,0,1,1,3,1,0.3333333333333333,2,0,1,1,3,1,1,0.3333333333333333,-0.6666666666666667,2,1615,3,3
1143679,Torre,Torre,C2 - SEMI-SHARED,C2 - SEMI-SHARED,266,1580,16,0,16,1215,11,0,0,0,0,0,0,0,0,0,0,0,0,0,0,0,0,0,0,0,0,0,2,0,0,1,2,1,0.0625,2,0,0,1,2,1,0.125,0.0625,-0.0625,15,1215,3,3
1143679,Torre,Torre,C3,C3,391,1655,21,0,21,1725.5263157894738,21,0,0,0,0,0,0,0,0,0,0,0,0,0,0,1,0,0,0,1,0,0,11,9,7,10,18,19,0.9047619047619048,12,9,7,10,19,19,0.9047619047619048,0.9047619047619048,0,2,32785,3,3
1143679,Torre,Torre,D1,D1,286,0,28,0,28,0,21,0,0,0,0,0,0,0,0,0,0,0,0,0,0,0,0,0,0,0,0,0,4,0,2,0,6,0,0,4,0,2,0,6,0,0.21428571428571427,0,-0.21428571428571427,28,0,4,4
1143679,Torre,Torre,D2 - SEMI-SHARED,D2 - SEMI-SHARED,287,1355,5,0,5,1535,4,0,1,0,0,0,1,0.2,0,0,0,0,0,0,0,0,0,0,0,0,0,0,3,1,0,0,3,1,0.2,3,2,0,0,3,2,0.6,0.4,-0.19999999999999996,3,3070,4,4
1143679,Torre,Torre,D3 - SEMI-SHARED,D3 - SEMI-SHARED,248,1715,12,0,12,1270,9,0,1,0,0,0,1,0.08333333333333333,0,0,0,0,0,0,0,0,0,0,0,0,0,0,0,0,1,0,1,0,0,0,1,1,0,1,1,0.08333333333333333,0.08333333333333333,0,11,1270,4,4
1143679,Torre,Torre,D4 - SEMI-SHARED,D4 - SEMI-SHARED,288,0,12,0,12,0,10,0,0,0,0,0,0,0,0,0,0,0,0,0,0,0,0,0,0,0,0,0,0,0,0,0,0,0,0,0,0,0,0,0,0,0,0,0,12,0,4,4
1143679,Torre,Torre,Not Selected,Not Selected,0,0,0,0,0,0,0,0,0,0,0,0,0,0,0,0,0,0,0,0,0,0,0,0,0,0,0,0,0,0,0,0,0,0,0,0,0,0,0,0,0,0,0,0,0,0,NA,NA
1143679,Torre,Torre,S1,S1,330,0,1,0,1,1386,1,0,0,0,0,0,0,0,0,0,0,0,0,0,0,0,0,0,0,0,0,0,0,0,1,1,1,1,1,0,0,1,1,1,1,1,1,0,0,1386,0,1
1143679,Torre,Torre,S2,S2,397,1101.2857142857142,14,0,14,1259.9285714285713,14,0,0,0,0,0,0,0,0,0,0,0,0,0,0,0,0,0,0,0,0,0,4,1,8,13,12,14,1,4,1,8,13,12,14,0.8571428571428571,1,0.1428571428571429,0,17639,0,1
1143679,Torre,Torre,TH - C1,TH - C1,499,1535,6,0,6,1570.6,6,0,0,0,0,0,0,0,0,0,0,0,0,0,0,0,0,0,0,0,0,0,0,3,2,2,2,5,0.8333333333333334,0,3,2,2,2,5,0.3333333333333333,0.8333333333333334,0.5,1,7853,3,3
1143679,Torre,Torre,TH - C2,TH - C2,384,1535,6,0,6,1520.6,5,0,0,0,0,0,0,0,1,0,0,0,1,0,0,0,0,0,0,0,0,0,0,3,4,2,4,5,0.8333333333333334,1,3,4,2,5,5,0.8333333333333334,0.8333333333333334,0,1,7603,3,3
1143679,Torre,Torre,TH - C3,TH - C3,395,1750,3,0,3,1916.6666666666667,3,0,0,0,0,0,0,0,0,0,0,0,0,0,0,0,0,0,0,0,0,0,0,3,0,0,0,3,1,0,3,0,0,0,3,0,1,1,0,5750,3,3
1143679,Torre,Torre,TH - C3.1,TH - C3.1,395,3500,3,0,3,1916.6666666666667,3,0,0,0,0,0,0,0,0,0,0,0,0,0,0,0,0,0,0,0,0,0,0,3,3,0,3,3,1,0,3,3,0,3,3,1,1,0,0,5750,3,3
1143679,Torre,Torre,TH - C4,TH - C4,401,1535,12,0,12,1515.3636363636363,12,0,1,0,0,0,1,0.08333333333333333,0,1,0,0,0,1,0.08333333333333333,0,0,0,0,0,0,0,5,2,1,7,6,9,0.75,5,4,1,7,6,11,0.5,0.9166666666666666,0.41666666666666663,1,16669,3,3
1143679,Torre,Torre,TH - D1,TH - D1,352,1523.5185185185185,56,0,56,1540.3703703703704,55,1,0,0,0,1,0,0,2,2,0,0,2,2,0.03571428571428571,2,0,0,0,2,0,0,31,31,7,21,38,52,0.9285714285714286,36,33,7,21,43,54,0.7678571428571429,0.9642857142857143,0.1964285714285714,2,83180,4,4
1143679,Torre,Torre,TH - D1.2,TH - D1.2,363,1150.4347826086957,32,0,32,1504,32,0,0,0,0,0,0,0,0,0,0,0,0,0,0,2,0,1,0,3,0,0,13,5,7,18,20,23,0.71875,15,5,8,18,23,23,0.71875,0.71875,0,9,34592,4,4
1143679,Torre,Torre,TH - D2,TH - D2,417,1487.142857142857,8,0,8,1588.4285714285713,8,0,0,0,0,0,0,0,0,0,0,0,0,0,0,0,0,0,0,0,0,0,2,2,5,5,7,7,0.875,2,2,5,5,7,7,0.875,0.875,0,1,11119,4,4
1143679,Torre,Torre,TH - D3,TH - D3,409,757.5,4,0,4,1495,4,0,0,0,0,0,0,0,0,0,0,0,0,0,0,0,0,0,0,0,0,0,0,2,4,2,4,4,1,0,2,4,2,4,4,1,1,0,0,5980,4,4
1143679,Torre,Torre,TH - D4 - SEMI-SHARED,TH - D4 - SEMI-SHARED,335,780.625,10,0,10,1372.5,10,0,0,0,1,0,1,0.1,0,0,0,0,0,0,0,0,0,0,0,0,0,0,10,4,0,3,10,7,0.7,10,4,0,4,10,8,1,0.8,-0.19999999999999996,2,10980,4,4
1143679,Torre,Torre,TH - D5,TH - D5,431.5,1211.5625,16,0,16,1478.0625,16,0,0,0,0,0,0,0,1,0,0,0,1,0,0,0,0,0,0,0,0,0,6,6,8,10,14,16,1,7,6,8,10,15,16,0.9375,1,0.0625,0,23649,4,4
1143679,Torre,Torre,TH - D6 - SEMI-SHARED,TH - D6 - SEMI-SHARED,350,1217.0833333333333,15,0,15,1404.3333333333333,12,0,0,0,0,0,0,0,0,0,0,0,0,0,0,0,0,0,0,0,0,0,4,3,8,9,12,12,0.8,4,3,8,9,12,12,0.8,0.8,0,3,16852,4,4
1143679,Torre,Torre,TH - D8 - SEMI-SHARED,TH - D8 - SEMI-SHARED,301,1595,6,0,6,0,6,0,0,0,0,0,0,0,0,0,0,0,0,0,0,0,0,0,0,0,0,0,1,0,4,6,5,6,1,1,0,4,6,5,6,0.8333333333333334,1,0.16666666666666663,0,0,4,4
1143679,Torre,Torre,TH - D9,TH - D9,375,1487.5,15,0,15,1491.0714285714287,15,0,1,0,0,0,1,0.06666666666666667,0,0,0,0,0,0,0,0,0,0,0,0,0,0,10,8,4,5,14,13,0.8666666666666667,10,9,4,5,14,14,0.9333333333333333,0.9333333333333333,0,1,20875,5,5
1143679,Torre,Torre,TH - E1,TH - E1,360,1480,10,0,10,1545.5555555555557,10,0,0,0,0,0,0,0,1,0,0,0,1,0,0,0,0,0,0,0,0,0,8,6,0,3,8,9,0.9,9,6,0,3,9,9,0.9,0.9,0,1,13910,5,5
1143679,Torre,Torre,TH - F1,TH - F1,370,1536.4285714285713,18,0,18,1546.142857142857,18,0,1,0,0,0,1,0.05555555555555555,0,0,0,0,0,0,0,0,0,0,0,0,0,0,10,3,3,3,13,6,0.3333333333333333,10,4,3,3,13,7,0.7222222222222222,0.3888888888888889,-0.3333333333333333,11,10823,6,6
1143679,Torre,Torre,TH - F2,TH - F2,388,1655,6,0,6,1655,6,0,0,0,0,0,0,0,0,0,0,0,0,0,0,0,0,0,0,0,0,0,6,6,0,0,6,6,1,6,6,0,0,6,6,1,1,0,0,9930,6,6
1143679,Torre,Torre,TH - F3,TH - F3,401,1555,6,0,6,1599,4,0,0,0,0,0,0,0,0,0,0,0,0,0,0,0,0,0,0,0,0,0,4,0,0,1,4,1,0.16666666666666666,4,0,0,1,4,1,0.6666666666666666,0.16666666666666666,-0.5,5,1599,6,6
1143679,Torre,Torre,TH - F4,TH - F4,419,1510.6666666666667,18,0,18,1485.1333333333334,16,0,0,0,0,0,0,0,0,0,0,0,0,0,0,0,0,0,0,0,0,0,14,12,0,3,14,15,0.8333333333333334,14,12,0,3,14,15,0.7777777777777778,0.8333333333333334,0.05555555555555558,3,22277,6,6
1143679,Torre,Torre,TH - F5,TH - F5,429,1491.3333333333333,18,0,18,1659,16,0,0,0,0,0,0,0,0,1,0,0,0,1,0.05555555555555555,1,0,0,0,1,0,0,8,12,4,2,12,14,0.7777777777777778,9,13,4,2,13,15,0.7222222222222222,0.8333333333333334,0.11111111111111116,3,24885,6,6
1311849,Venue at North Campus,Venue at North Campus,A,A,455,1749,6,0,6,1805,6,0,0,0,0,0,0,0,0,0,0,0,0,0,0,0,0,0,0,0,0,0,0,0,1,2,1,2,0.3333333333333333,0,0,1,2,1,2,0.16666666666666666,0.3333333333333333,0.16666666666666666,4,3610,0,1
1311849,Venue at North Campus,Venue at North Campus,B,B,205,1200,96,0,96,1268.392857142857,91,2,0,2,1,4,1,0.010416666666666666,4,1,2,0,6,1,0.010416666666666666,1,0,1,0,2,0,0,4,0,15,26,19,26,0.2708333333333333,11,1,20,27,31,28,0.3229166666666667,0.2916666666666667,-0.03125,68,35515,2,2
1311849,Venue at North Campus,Venue at North Campus,D1,D1,83.671875,975.2325581395348,256,0,256,1064.2790697674418,217,3,2,4,3,7,5,0.01953125,5,0,1,0,6,0,0,6,0,1,0,7,0,0,36,11,45,27,81,38,0.1484375,50,13,51,30,101,43,0.39453125,0.16796875,-0.2265625,213,45764,4,4
1311849,Venue at North Campus,Venue at North Campus,D2,D2,91,995,64,0,64,1083.5714285714287,50,0,0,0,0,0,0,0,3,0,0,0,3,0,0,2,0,0,0,2,0,0,4,0,6,7,10,7,0.109375,9,0,6,7,15,7,0.234375,0.109375,-0.125,57,7585,4,4
1311849,Venue at North Campus,Venue at North Campus,D3,D3,88,985,192,0,192,1065.0285714285715,150,0,0,4,0,4,0,0,2,1,3,0,5,1,0.005208333333333333,4,0,1,0,5,0,0,7,5,21,29,28,34,0.17708333333333334,13,6,29,29,42,35,0.21875,0.18229166666666666,-0.03645833333333334,157,37276,4,4
1311849,Venue at North Campus,Venue at North Campus,E,E,82,990.421052631579,120,0,120,1091.2631578947369,116,3,2,4,5,7,7,0.058333333333333334,2,5,1,0,3,5,0.041666666666666664,9,1,0,0,9,1,0.008333333333333333,42,35,24,47,66,82,0.6833333333333333,56,43,29,52,85,95,0.7083333333333334,0.7916666666666666,0.08333333333333326,25,103670,5,5.5
1311849,Venue at North Campus,Venue at North Campus,Not Selected,Not Selected,0,0,0,0,0,0,0,0,0,0,0,0,0,0,0,0,0,0,0,0,0,0,0,0,0,0,0,0,0,0,0,0,0,0,0,0,0,0,0,0,0,0,0,0,0,0,NA,NA
