property_id,property_name,unit_type,avg_sqft,number_of_bedrooms,number_of_bathrooms,avg_advertised_rate,avg_scheduled_rent,total_schedule_rent,total_units,excluded_units,rentable_units,occupied_count,available_count,year_over_year_variance,started_new_count_prior,started_new_count,started_renewal_count_prior,started_renewal_count,started_count_prior,started_count,started_percent,partially_completed_new_count_prior,partially_completed_new_count,partially_completed_renewal_count_prior,partially_completed_renewal_count,partially_completed_count_prior,partially_completed_count,partially_completed_percent,completed_new_count_prior,completed_new_count,completed_renewal_count_prior,completed_renewal_count,completed_count_prior,completed_count,completed_percent,approved_new_count_prior,approved_new_count,approved_renewal_count_prior,approved_renewal_count,approved_count_prior,approved_count,approved_percent,preleased_new_count_prior,preleased_new_count,preleased_renewal_count_prior,preleased_renewal_count,preleased_count_prior,preleased_count,preleased_percent_prior,preleased_percent
739076,1008 S. 4th,B1,316,NA,NA,1000,1006.875,8055,8,0,8,8,0,0.125,0,0,0,0,0,0,0,1,0,0,0,1,0,0,0,0,0,0,0,0,0,3,5,3,3,6,8,1,4,5,3,3,7,8,0.875,1
739076,1008 S. 4th,B2,315,NA,NA,1000,1025,8200,8,0,8,8,0,0.25,0,0,0,0,0,0,0,2,1,0,0,2,1,0.125,0,0,0,0,0,0,0,1,7,3,0,4,7,0.875,3,8,3,0,6,8,0.75,1
739076,1008 S. 4th,B3,377,NA,NA,1161.3636363636363,1164.090909090909,12805,10,0,10,9,-1,0.10000000000000009,0,0,0,0,0,0,0,2,1,0,0,2,1,0.1,0,0,0,0,0,0,0,4,5,4,5,8,10,1,6,6,4,5,10,11,1,1.1
739076,1008 S. 4th,B4,462,NA,NA,1140,1187.5,2375,2,0,2,2,0,0,0,0,0,0,0,0,0,1,0,0,0,1,0,0,0,0,0,0,0,0,0,0,2,1,0,1,2,1,1,2,1,0,2,2,1,1
739076,1008 S. 4th,B5,464,NA,NA,1150,1197.5,2395,2,0,2,2,0,0,0,0,0,0,0,0,0,0,0,0,0,0,0,0,0,0,0,0,0,0,0,2,2,0,0,2,2,1,2,2,0,0,2,2,1,1
739076,1008 S. 4th,C1,328,NA,NA,937.5,940.4166666666666,11285,12,0,12,12,0,0,0,0,0,0,0,0,0,4,0,0,0,4,0,0,0,0,0,0,0,0,0,5,3,3,9,8,12,1,9,3,3,9,12,12,1,1
739076,1008 S. 4th,D1,276,NA,NA,858.3333333333334,869.6666666666666,13045,16,0,16,16,1,-0.0625,0,0,0,0,0,0,0,3,0,0,0,3,0,0,0,0,0,0,0,0,0,4,10,9,5,13,15,0.9375,7,10,9,5,16,15,1,0.9375
739076,1008 S. 4th,D1 Balcony,276,NA,NA,880,875,14000,16,0,16,16,0,0.125,0,0,0,0,0,0,0,3,0,0,0,3,0,0,0,0,0,0,0,0,0,7,12,4,4,11,16,1,10,12,4,4,14,16,0.875,1
739076,1008 S. 4th,D2,306,NA,NA,899.2708333333334,926.9791666666666,44495,48,0,48,48,0,0.04166666666666663,0,0,0,0,0,0,0,9,1,1,0,10,1,0.020833333333333332,0,1,0,0,0,1,0.020833333333333332,22,25,14,21,36,46,0.9583333333333334,31,27,15,21,46,48,0.9583333333333334,1
739076,1008 S. 4th,D3 Balcony,345,NA,NA,983.75,1006.25,12075,12,0,12,10,0,0.16666666666666663,0,0,0,0,0,0,0,1,0,0,0,1,0,0,0,0,0,0,0,0,0,7,12,2,0,9,12,1,8,12,2,0,10,12,0.8333333333333334,1
739076,1008 S. 4th,M1 Murphy,321,NA,NA,1210,1208.75,4835,4,0,4,4,0,0.25,0,0,0,0,0,0,0,0,0,0,0,0,0,0,1,0,0,0,1,0,0,2,2,0,2,2,4,1,3,2,0,2,3,4,0.75,1
739076,1008 S. 4th,M1 Murphy Balcony,319,NA,NA,1244.090909090909,1246.3636363636363,13710,12,0,12,12,1,-0.08333333333333337,0,0,0,0,0,0,0,1,0,0,0,1,0,0,1,0,0,0,1,0,0,8,7,2,4,10,11,0.9166666666666666,10,7,2,4,12,11,1,0.9166666666666666
739076,1008 S. 4th,S1,432,NA,NA,1306.25,1353.75,5415,4,0,4,4,0,0,0,0,0,0,0,0,0,1,0,0,0,1,0,0,0,0,0,0,0,0,0,2,3,1,1,3,4,1,3,3,1,1,4,4,1,1
739076,1008 S. 4th,S2,406,NA,NA,1021.25,1380,5520,4,0,4,4,0,0,0,0,0,0,0,0,0,0,0,0,0,0,0,0,0,0,0,0,0,0,0,2,3,2,1,4,4,1,2,3,2,1,4,4,1,1
739085,1047 Commonwealth Avenue,Not Selected,0,NA,NA,0,0,0,0,0,0,0,0,0,0,0,0,0,0,0,0,0,0,0,0,0,0,0,0,0,0,0,0,0,0,0,0,0,0,0,0,0,0,0,0,0,0,0,0,0
739085,1047 Commonwealth Avenue,S1,308.16,0,1,2895,2850,14250,25,0,25,24,20,-0.32,1,0,0,1,1,1,0.04,0,0,0,0,0,0,0,1,0,0,0,1,0,0,3,0,8,4,11,4,0.16,5,0,8,5,13,5,0.52,0.2
739085,1047 Commonwealth Avenue,S2,317.5,0,1,2950,2915,5830,12,0,12,11,10,-0.16666666666666666,0,0,0,0,0,0,0,0,0,0,0,0,0,0,0,0,0,0,0,0,0,0,0,4,2,4,2,0.16666666666666666,0,0,4,2,4,2,0.3333333333333333,0.16666666666666666
739085,1047 Commonwealth Avenue,S3,342.5882352941176,0,1,3065,3064.4444444444443,27580,51,0,51,46,42,-0.05882352941176469,0,0,0,2,0,2,0.0392156862745098,0,0,0,0,0,0,0,2,0,0,0,2,0,0,0,0,10,7,10,7,0.13725490196078433,2,0,10,9,12,9,0.23529411764705882,0.17647058823529413
739085,1047 Commonwealth Avenue,S4,323.25,0,1,0,0,0,8,0,8,8,8,-0.375,0,0,0,0,0,0,0,0,0,0,0,0,0,0,0,0,0,0,0,0,0,1,0,2,0,3,0,0,1,0,2,0,3,0,0.375,0
739085,1047 Commonwealth Avenue,S5,346.4,0,1,3150,3100,3100,10,0,10,9,9,-0.19999999999999998,0,0,0,0,0,0,0,0,0,0,0,0,0,0,0,0,0,0,0,0,0,0,0,3,1,3,1,0.1,0,0,3,1,3,1,0.3,0.1
739085,1047 Commonwealth Avenue,S6,360.55172413793105,NA,1,3350,3325,13300,29,0,29,29,25,-0.13793103448275862,0,0,0,0,0,0,0,0,0,0,0,0,0,0,0,0,0,0,0,0,0,1,0,7,4,8,4,0.13793103448275862,1,0,7,4,8,4,0.27586206896551724,0.13793103448275862
739085,1047 Commonwealth Avenue,S7,442,0,1,0,0,0,4,0,4,3,4,-0.25,0,0,0,0,0,0,0,0,0,0,0,0,0,0,0,0,0,0,0,0,0,0,0,1,0,1,0,0,0,0,1,0,1,0,0.25,0
739085,1047 Commonwealth Avenue,S8,348.8181818181818,0,1,3350,3325,3325,11,0,11,4,10,-0.09090909090909091,0,0,0,0,0,0,0,0,0,0,0,0,0,0,0,0,0,0,0,0,0,0,0,2,1,2,1,0.09090909090909091,0,0,2,1,2,1,0.18181818181818182,0.09090909090909091
739085,1047 Commonwealth Avenue,S9,402.8,0,1,3950,3950,3950,5,0,5,4,4,0.2,0,0,0,0,0,0,0,0,0,0,0,0,0,0,0,0,0,0,0,0,0,0,0,0,1,0,1,0.2,0,0,0,1,0,1,0,0.2
739085,1047 Commonwealth Avenue,S10,528,0,1,0,0,0,4,0,4,2,4,-0.25,0,0,0,0,0,0,0,0,0,0,0,0,0,0,0,0,0,0,0,0,0,0,0,1,0,1,0,0,0,0,1,0,1,0,0.25,0
739085,1047 Commonwealth Avenue,S11,348.9166666666667,0,1,1201.3333333333333,969.1111111111111,8722,24,0,24,23,15,0.08333333333333331,0,0,0,0,0,0,0,0,0,0,0,0,0,0,0,0,0,0,0,0,0,4,4,3,5,7,9,0.375,4,4,3,5,7,9,0.2916666666666667,0.375
739079,307 E. Daniel,D1,385,4,4,989.7297297297297,1034.4594594594594,38275,40,0,40,40,3,-0.02499999999999991,0,0,0,1,0,1,0.025,6,1,0,0,6,1,0.025,0,0,0,0,0,0,0,17,25,15,10,32,35,0.875,23,26,15,11,38,37,0.95,0.925
739080,501 S. 6th,B1,573,NA,NA,955,990,1980,2,0,2,2,0,0,0,0,0,0,0,0,0,0,0,0,0,0,0,0,0,0,0,0,0,0,0,0,2,2,0,2,2,1,0,2,2,0,2,2,1,1
739080,501 S. 6th,B2,590,NA,NA,975,970,1940,2,0,2,2,0,0,0,0,0,0,0,0,0,0,0,0,0,0,0,0,0,0,0,0,0,0,0,0,1,2,1,2,2,1,0,1,2,1,2,2,1,1
739080,501 S. 6th,C1,444.75,NA,NA,987.5,993.5,9935,12,0,12,12,2,0,0,0,0,0,0,0,0,2,1,0,0,2,1,0.08333333333333333,1,0,0,0,1,0,0,7,8,0,1,7,9,0.75,10,9,0,1,10,10,0.8333333333333334,0.8333333333333334
739080,501 S. 6th,C2,448,NA,NA,1017.5,1035,12420,12,0,12,12,0,0,0,0,0,0,0,0,0,1,0,0,0,1,0,0,0,0,0,0,0,0,0,8,12,3,0,11,12,1,9,12,3,0,12,12,1,1
739080,501 S. 6th,D1,434,NA,NA,748.75,759.6875,12155,16,0,16,16,0,0,0,0,0,0,0,0,0,1,0,0,0,1,0,0,0,0,0,0,0,0,0,2,13,13,3,15,16,1,3,13,13,3,16,16,1,1
739080,501 S. 6th,D2,366,NA,NA,776.5625,784.6875,12555,16,0,16,16,0,0.0625,0,0,0,0,0,0,0,4,0,0,0,4,0,0,0,0,0,0,0,0,0,4,10,7,6,11,16,1,8,10,7,6,15,16,0.9375,1
739080,501 S. 6th,D3 Townhome,483,4,3,875,862.5,3450,4,0,4,4,0,0,0,0,0,0,0,0,0,1,0,0,0,1,0,0,0,0,0,0,0,0,0,3,0,0,4,3,4,1,4,0,0,4,4,4,1,1
739080,501 S. 6th,E1 Townhome,452,NA,NA,868.75,872.25,17445,20,0,20,20,0,0.09999999999999998,0,0,0,0,0,0,0,2,1,0,0,2,1,0.05,0,0,0,0,0,0,0,5,19,11,0,16,19,0.95,7,20,11,0,18,20,0.9,1
739080,501 S. 6th,E2 Townhome,493,NA,NA,884.4117647058823,900.8823529411765,15315,20,0,20,20,3,0,0,0,0,0,0,0,0,0,1,0,0,0,1,0.05,1,0,0,0,1,0,0,3,14,13,2,16,16,0.8,4,15,13,2,17,17,0.85,0.85
739084,908 S. 1st,A1,526.125,NA,NA,1210.4166666666667,1490,17880,16,0,16,16,4,-0.1875,0,0,0,0,0,0,0,3,0,1,0,4,0,0,1,0,0,0,1,0,0,7,5,3,7,10,12,0.75,11,5,4,7,15,12,0.9375,0.75
739084,908 S. 1st,B1,307,NA,NA,930,941.875,7535,8,0,8,8,0,0,0,0,0,0,0,0,0,2,0,0,0,2,0,0,0,0,0,0,0,0,0,4,8,2,0,6,8,1,6,8,2,0,8,8,1,1
739084,908 S. 1st,B2,315,NA,NA,955,981,4905,16,0,16,16,11,-0.6875,0,0,0,0,0,0,0,0,0,0,0,0,0,0,0,0,0,0,0,0,0,10,3,6,2,16,5,0.3125,10,3,6,2,16,5,1,0.3125
739084,908 S. 1st,B3,457,NA,NA,896.875,1036.875,8295,8,0,8,8,0,0.125,0,0,0,0,0,0,0,0,0,0,0,0,0,0,0,0,0,0,0,0,0,5,6,2,2,7,8,1,5,6,2,2,7,8,0.875,1
739084,908 S. 1st,D1,311,NA,NA,905,928.75,11145,16,0,16,16,4,-0.25,0,0,0,0,0,0,0,3,1,0,0,3,1,0.0625,0,0,0,0,0,0,0,3,11,10,0,13,11,0.6875,6,12,10,0,16,12,1,0.75
739084,908 S. 1st,M1 Murphy,319,NA,NA,1120,1137.5,13650,12,0,12,11,0,0.08333333333333337,0,0,0,0,0,0,0,1,0,1,0,2,0,0,0,0,0,0,0,0,0,5,9,4,3,9,12,1,6,9,5,3,11,12,0.9166666666666666,1
739084,908 S. 1st,M1 Murphy Balcony,333.5625,NA,NA,1101.5625,1216.5625,19465,16,0,16,16,0,0.5625,0,0,0,0,0,0,0,0,0,0,0,0,0,0,0,0,0,0,0,0,0,2,12,5,4,7,16,1,2,12,5,4,7,16,0.4375,1
739084,908 S. 1st,M2 Murphy,349,NA,NA,1220,1231.25,4925,4,0,4,3,0,0,0,0,0,0,0,0,0,0,0,0,0,0,0,0,0,0,0,0,0,0,0,4,2,0,2,4,4,1,4,2,0,2,4,4,1,1
641240,Academy 65,A1,463,1,1,1815,1942,9710,10,0,10,9,5,0.2,0,0,0,0,0,0,0,0,0,0,0,0,0,0,1,0,0,0,1,0,0,1,0,1,5,2,5,0.5,2,0,1,5,3,5,0.3,0.5
641240,Academy 65,B1,284.7142857142857,2,2,1320,1011.4285714285714,7080,21,0,21,21,14,0,0,0,0,0,0,0,0,0,0,0,0,0,0,0,0,0,0,0,0,0,0,3,0,4,7,7,7,0.3333333333333333,3,0,4,7,7,7,0.3333333333333333,0.3333333333333333
641240,Academy 65,B1 Semi-Shared,249,2,2,795,950,7600,21,0,21,21,13,0.19047619047619047,0,0,0,0,0,0,0,0,0,0,0,0,0,0,0,0,0,0,0,0,0,3,0,1,8,4,8,0.38095238095238093,3,0,1,8,4,8,0.19047619047619047,0.38095238095238093
641240,Academy 65,C1 Study,389,3,2.5,0,0,0,3,0,3,3,3,-0.6666666666666666,0,0,0,0,0,0,0,0,0,0,0,0,0,0,0,0,0,0,0,0,0,2,0,0,0,2,0,0,2,0,0,0,2,0,0.6666666666666666,0
641240,Academy 65,D1 Balcony,276,4,2,935,964.1666666666666,5785,40,0,40,37,34,-0.275,0,0,0,0,0,0,0,0,0,0,0,0,0,0,0,0,0,0,0,0,0,16,0,1,6,17,6,0.15,16,0,1,6,17,6,0.425,0.15
641240,Academy 65,D2,293.5,4,4,993.5714285714286,962.1428571428571,26940,64,0,64,64,36,0.171875,0,0,0,0,0,0,0,0,0,0,0,0,0,0,3,0,0,0,3,0,0,9,3,5,25,14,28,0.4375,12,3,5,25,17,28,0.265625,0.4375
641240,Academy 65,D3,243,4,4,1015,760.7142857142857,5325,20,0,20,20,13,0.14999999999999997,0,0,0,0,0,0,0,0,0,0,0,0,0,0,0,0,0,0,0,0,0,0,0,4,7,4,7,0.35,0,0,4,7,4,7,0.2,0.35
641240,Academy 65,D3 Semi-Shared,242.58333333333334,4,4,767.1739130434783,852.1739130434783,19600,120,0,120,118,97,-0.30833333333333335,0,0,0,0,0,0,0,0,0,0,0,0,0,0,1,0,0,0,1,0,0,35,0,24,23,59,23,0.19166666666666668,36,0,24,23,60,23,0.5,0.19166666666666668
641240,Academy 65,Not Selected,0,NA,NA,0,0,0,0,0,0,0,0,0,0,0,0,0,0,0,0,0,0,0,0,0,0,0,0,0,0,0,0,0,0,0,0,0,0,0,0,0,0,0,0,0,0,0,0,0
641240,Academy 65,S1,396,NA,1,1565,1645,3290,5,0,5,5,3,-0.19999999999999996,0,0,0,0,0,0,0,0,0,0,0,0,0,0,0,0,0,0,0,0,0,1,0,2,2,3,2,0.4,1,0,2,2,3,2,0.6,0.4
641240,Academy 65,S2,416,NA,1,1571.25,1758.75,7035,5,0,5,5,1,0.6000000000000001,0,0,0,0,0,0,0,0,0,0,0,0,0,0,0,0,0,0,0,0,0,1,1,0,3,1,4,0.8,1,1,0,3,1,4,0.2,0.8
676055,Academy Lincoln,B1,334,2,2,872.7586206896551,901.2068965517242,26135,30,0,30,30,1,0.4666666666666667,0,1,0,2,0,3,0.1,0,0,0,0,0,0,0,0,0,0,0,0,0,0,5,12,10,14,15,26,0.8666666666666667,5,13,10,16,15,29,0.5,0.9666666666666667
676055,Academy Lincoln,B2,399.7368421052632,2,2,896.25,917.9166666666666,11015,38,0,38,38,26,-0.26315789473684215,1,1,0,0,1,1,0.02631578947368421,1,2,0,0,1,2,0.05263157894736842,0,0,0,0,0,0,0,10,6,10,3,20,9,0.23684210526315788,12,9,10,3,22,12,0.5789473684210527,0.3157894736842105
676055,Academy Lincoln,B3 Townhome,616,2,2,930,969.2307692307693,12600,14,0,14,13,1,0.2857142857142857,0,2,0,0,0,2,0.14285714285714285,0,0,0,0,0,0,0,0,0,0,0,0,0,0,4,7,5,4,9,11,0.7857142857142857,4,9,5,4,9,13,0.6428571428571429,0.9285714285714286
676055,Academy Lincoln,C1,342.42857142857144,3,3,762.0833333333334,817.0833333333334,19610,42,0,42,42,18,0.16666666666666663,0,0,0,0,0,0,0,0,1,0,0,0,1,0.023809523809523808,3,0,0,0,3,0,0,7,11,7,12,14,23,0.5476190476190477,10,12,7,12,17,24,0.40476190476190477,0.5714285714285714
676055,Academy Lincoln,D1,303.9406779661017,4,4,689.5689655172414,711.8103448275862,165140,472,0,472,467,240,0.09957627118644069,1,8,1,2,2,10,0.0211864406779661,5,11,0,0,5,11,0.023305084745762712,6,1,0,0,6,1,0.00211864406779661,74,104,98,106,172,210,0.4449152542372881,86,124,99,108,185,232,0.3919491525423729,0.4915254237288136
676055,Academy Lincoln,D2,337,4,4,652.6388888888889,767.9166666666666,27645,36,0,36,35,0,0.5833333333333333,1,0,0,0,1,0,0,1,0,0,0,1,0,0,1,0,0,0,1,0,0,4,19,8,17,12,36,1,7,19,8,17,15,36,0.4166666666666667,1
676055,Academy Lincoln,Not Selected,0,NA,NA,0,0,0,0,0,0,0,0,0,0,0,0,0,0,0,0,0,0,0,0,0,0,0,0,0,0,0,0,0,0,0,0,0,0,0,0,0,0,0,0,0,0,0,0,0
1115679,ANOVA uCity Square,A1,457,1,1,0,0,0,6,0,6,6,6,0,0,0,0,0,0,0,0,0,0,0,0,0,0,0,0,0,0,0,0,0,0,0,0,0,0,0,0,0,0,0,0,0,0,0,0,0
1115679,ANOVA uCity Square,A2,478,1,1,0,2094.5,4189,17,0,17,15,15,-0.11764705882352941,0,0,0,0,0,0,0,0,0,0,0,0,0,0,1,0,0,0,1,0,0,2,1,1,1,3,2,0.11764705882352941,3,1,1,1,4,2,0.23529411764705882,0.11764705882352941
1115679,ANOVA uCity Square,A3,499,1,1,0,2139,6417,10,0,10,9,7,-0.2,0,0,0,0,0,0,0,0,0,0,0,0,0,0,2,0,0,0,2,0,0,2,2,1,1,3,3,0.3,4,2,1,1,5,3,0.5,0.3
1115679,ANOVA uCity Square,A4,472,1,1,0,1717.3333333333333,5152,20,0,20,20,17,0,0,0,0,0,0,0,0,0,0,0,0,0,0,0,1,0,0,0,1,0,0,0,1,2,2,2,3,0.15,1,1,2,2,3,3,0.15,0.15
1115679,ANOVA uCity Square,A5,441,1,1,0,0,0,6,0,6,5,6,0,0,0,0,0,0,0,0,0,0,0,0,0,0,0,0,0,0,0,0,0,0,0,0,0,0,0,0,0,0,0,0,0,0,0,0,0
1115679,ANOVA uCity Square,A6,512,1,1,0,0,0,5,0,5,5,5,-0.4,0,0,0,0,0,0,0,0,0,0,0,0,0,0,1,0,0,0,1,0,0,1,0,0,0,1,0,0,2,0,0,0,2,0,0.4,0
1115679,ANOVA uCity Square,A7,589,1,1,0,0,0,5,0,5,5,5,-0.4,0,0,0,0,0,0,0,0,0,0,0,0,0,0,1,0,0,0,1,0,0,0,0,1,0,1,0,0,1,0,1,0,2,0,0.4,0
1115679,ANOVA uCity Square,A8,657.0268817204301,1,1,89.62068965517241,2438.5172413793102,70717,186,0,186,172,157,-0.02688172043010753,0,0,0,1,0,1,0.005376344086021506,1,0,0,0,1,0,0,8,1,0,0,8,1,0.005376344086021506,19,19,6,8,25,27,0.14516129032258066,28,20,6,9,34,29,0.1827956989247312,0.15591397849462366
1115679,ANOVA uCity Square,B1,974,2,2,0,3363,3363,11,0,11,11,10,-0.09090909090909091,0,0,0,0,0,0,0,0,0,0,0,0,0,0,0,0,0,0,0,0,0,1,1,1,0,2,1,0.09090909090909091,1,1,1,0,2,1,0.18181818181818182,0.09090909090909091
1115679,ANOVA uCity Square,B2,1008,2,2,0,3769.4,18847,22,0,22,20,17,-0.04545454545454544,0,0,0,0,0,0,0,0,0,0,0,0,0,0,2,0,0,0,2,0,0,3,2,1,3,4,5,0.22727272727272727,5,2,1,3,6,5,0.2727272727272727,0.22727272727272727
1115679,ANOVA uCity Square,C1,1372,3,2,0,0,0,5,0,5,4,5,-0.6,0,0,0,0,0,0,0,0,0,0,0,0,0,0,0,0,0,0,0,0,0,2,0,1,0,3,0,0,2,0,1,0,3,0,0.6,0
1115679,ANOVA uCity Square,Not Selected,0,NA,NA,0,0,0,0,0,0,0,0,0,0,0,0,0,0,0,0,0,0,0,0,0,0,0,0,0,0,0,0,0,0,0,0,0,0,0,0,0,0,0,0,0,0,0,0,0
1115679,ANOVA uCity Square,S1,360,0,1,83.9047619047619,1693,35553,168,0,168,160,147,0.023809523809523808,0,1,0,0,0,1,0.005952380952380952,0,0,0,0,0,0,0,5,0,0,0,5,0,0,9,15,3,5,12,20,0.11904761904761904,14,16,3,5,17,21,0.10119047619047619,0.125
1161867,Courts at Spring Mill Station,1 Bed 1 Bath,747.9659863945578,1,1,214.5,1969.4229166666667,94532.3,147,0,147,138,99,0.03401360544217685,0,0,0,4,0,4,0.027210884353741496,0,0,1,0,1,0,0,3,0,0,0,3,0,0,15,21,24,23,39,44,0.29931972789115646,18,21,25,27,43,48,0.2925170068027211,0.32653061224489793
1161867,Courts at Spring Mill Station,1 Bed 1 Bath ADA,766,1,1,0,0,0,4,0,4,2,4,-0.25,0,0,0,0,0,0,0,0,0,0,0,0,0,0,0,0,0,0,0,0,0,0,0,1,0,1,0,0,0,0,1,0,1,0,0.25,0
1161867,Courts at Spring Mill Station,1 Bed 1 Bath Loft,935,1,1,0,2419.3333333333335,7258,12,0,12,6,9,-0.33333333333333337,0,0,0,0,0,0,0,0,0,0,0,0,0,0,0,0,0,0,0,0,0,4,2,3,1,7,3,0.25,4,2,3,1,7,3,0.5833333333333334,0.25
1161867,Courts at Spring Mill Station,1 Bed 1 Bath w/ Den,923.9677419354839,1,1,107.70555555555556,2363.8333333333335,42549,31,0,31,31,13,0.16129032258064518,0,0,0,0,0,0,0,0,0,0,0,0,0,0,0,0,0,0,0,0,0,4,5,9,13,13,18,0.5806451612903226,4,5,9,13,13,18,0.41935483870967744,0.5806451612903226
1161867,Courts at Spring Mill Station,1Bed1.5 Bath w/ Den,947,1,1.5,0,2279,4558,3,0,3,3,1,0.3333333333333333,0,0,0,0,0,0,0,0,0,0,0,0,0,0,0,0,0,0,0,0,0,0,0,1,2,1,2,0.6666666666666666,0,0,1,2,1,2,0.3333333333333333,0.6666666666666666
1161867,Courts at Spring Mill Station,1Bed1Bath Loftw/ Den,1170.6666666666667,1,1,0,0,0,3,0,3,3,3,-0.6666666666666666,0,0,0,0,0,0,0,0,0,0,0,0,0,0,1,0,0,0,1,0,0,1,0,0,0,1,0,0,2,0,0,0,2,0,0.6666666666666666,0
1161867,Courts at Spring Mill Station,2 Bed 2 Bath,1098.5646258503402,2,2,226.41304347826087,2447.884782608696,112602.7,147,0,147,139,101,0.10204081632653061,0,1,0,4,0,5,0.034013605442176874,0,0,0,0,0,0,0,0,0,0,0,0,0,0,17,17,14,24,31,41,0.2789115646258503,17,18,14,28,31,46,0.2108843537414966,0.3129251700680272
1161867,Courts at Spring Mill Station,2 Bed 2 Bath ADA,1151,2,2,0,2727,2727,4,0,4,2,3,-0.25,0,0,0,0,0,0,0,0,0,0,0,0,0,0,0,0,0,0,0,0,0,2,0,0,1,2,1,0.25,2,0,0,1,2,1,0.5,0.25
1161867,Courts at Spring Mill Station,2 Bed 2 Bath Loft,1305,2,2,0,3034.5,12138,9,0,9,8,5,0.2222222222222222,0,0,0,0,0,0,0,0,0,0,1,0,1,0.1111111111111111,0,0,0,0,0,0,0,1,1,1,2,2,3,0.3333333333333333,1,1,1,3,2,4,0.2222222222222222,0.4444444444444444
1161867,Courts at Spring Mill Station,2 Bed 2 Bath w/ Den,1295.2173913043478,2,2,0,3209,28881,23,0,23,21,14,0.13043478260869568,0,0,0,1,0,1,0.043478260869565216,0,0,0,0,0,0,0,0,0,0,0,0,0,0,4,1,2,7,6,8,0.34782608695652173,4,1,2,8,6,9,0.2608695652173913,0.391304347826087
1161867,Courts at Spring Mill Station,2Bed2Bath Loftw/ Den,1419,2,2,0,0,0,1,0,1,1,1,0,0,0,0,0,0,0,0,0,0,0,0,0,0,0,0,0,0,0,0,0,0,0,0,0,0,0,0,0,0,0,0,0,0,0,0,0
1161867,Courts at Spring Mill Station,COMMERCIAL,0,1,1,0,0,0,1,0,1,0,1,0,0,0,0,0,0,0,0,0,0,0,0,0,0,0,0,0,0,0,0,0,0,0,0,0,0,0,0,0,0,0,0,0,0,0,0,0
1161867,Courts at Spring Mill Station,Not Selected,0,NA,NA,0,0,0,0,0,0,0,0,0,0,0,0,0,0,0,0,0,0,0,0,0,0,0,0,0,0,0,0,0,0,0,0,0,0,0,0,0,0,0,0,0,0,0,0,0
1161867,Courts at Spring Mill Station,Studio,518,0,1,0,0,0,1,0,1,1,1,0,0,0,0,0,0,0,0,0,0,0,0,0,0,0,0,0,0,0,0,0,0,0,0,0,0,0,0,0,0,0,0,0,0,0,0,0
518044,Shortbread Lofts,B1,319.325,2,2,1240.125,1246.625,49865,40,0,40,40,0,0,0,0,0,0,0,0,0,3,0,0,0,3,0,0,1,0,0,0,1,0,0,28,33,8,7,36,40,1,32,33,8,7,40,40,1,1
518044,Shortbread Lofts,B2,453.6,2,2,1502,1540,15400,10,0,10,10,0,0.19999999999999996,0,0,0,0,0,0,0,1,0,0,0,1,0,0,0,0,0,0,0,0,0,6,8,1,2,7,10,1,7,8,1,2,8,10,0.8,1
518044,Shortbread Lofts,B3,499,2,2,1505,1495,2990,2,0,2,2,0,0,0,0,0,0,0,0,0,0,0,1,0,1,0,0,0,0,0,0,0,0,0,0,0,1,2,1,2,1,0,0,2,2,2,2,1,1
518044,Shortbread Lofts,B4,492,2,2,1505,1597.5,3195,2,0,2,2,0,0.5,0,0,0,0,0,0,0,0,0,0,0,0,0,0,0,0,0,0,0,0,0,0,0,1,2,1,2,1,0,0,1,2,1,2,0.5,1
518044,Shortbread Lofts,C1,338.64285714285717,3,3,1458.090909090909,1340.4545454545455,73725,56,0,56,56,1,0.1071428571428571,0,0,0,0,0,0,0,4,2,0,0,4,2,0.03571428571428571,2,0,0,0,2,0,0,37,47,6,6,43,53,0.9464285714285714,43,49,6,6,49,55,0.875,0.9821428571428571
518044,Shortbread Lofts,C2,228,3,3,985,995,5970,6,0,6,6,0,0,0,0,0,0,0,0,0,1,0,0,0,1,0,0,0,0,0,0,0,0,0,5,6,0,0,5,6,1,6,6,0,0,6,6,1,1
518044,Shortbread Lofts,C3,324,3,3,1445.5,1258,25160,20,0,20,20,0,0,1,0,0,0,1,0,0,1,0,0,0,1,0,0,0,0,0,0,0,0,0,18,20,0,0,18,20,1,20,20,0,0,20,20,1,1
518044,Shortbread Lofts,C4,278.4583333333333,3,3,1427.0454545454545,1159.090909090909,25500,24,0,24,24,2,-0.08333333333333337,0,0,0,0,0,0,0,5,0,0,0,5,0,0,0,0,0,0,0,0,0,17,20,2,2,19,22,0.9166666666666666,22,20,2,2,24,22,1,0.9166666666666666
518044,Shortbread Lofts,D1,269.55121951219513,4,4,1428.7313432835822,1166.9402985074628,234555,205,0,205,205,4,0,1,3,0,0,1,3,0.014634146341463415,26,4,0,0,26,4,0.01951219512195122,5,0,0,0,5,0,0,165,192,4,2,169,194,0.9463414634146341,197,199,4,2,201,201,0.9804878048780488,0.9804878048780488
518044,Shortbread Lofts,D2,307.77777777777777,4,4,1415,1339.4444444444443,12055,9,0,9,9,0,0.33333333333333337,0,0,0,0,0,0,0,2,0,0,0,2,0,0,0,0,0,0,0,0,0,3,7,1,2,4,9,1,5,7,1,2,6,9,0.6666666666666666,1
518044,Shortbread Lofts,Not Selected,0,NA,NA,0,0,0,0,0,0,0,0,0,0,0,0,0,0,0,0,0,0,0,0,0,0,0,0,1,0,0,0,1,0,0,0,0,0,0,0,0,0,1,0,0,0,1,0,0
952515,SOVA,A1,611,1,1,1468,1547.5,30950,20,0,20,19,0,0.4,0,0,0,0,0,0,0,0,0,0,0,0,0,0,0,0,0,0,0,0,0,3,4,9,16,12,20,1,3,4,9,16,12,20,0.6,1
952515,SOVA,B1,413,2,2,1148.5714285714287,1171,40985,64,0,64,63,29,0,2,1,0,1,2,2,0.03125,1,0,0,0,1,0,0,1,0,1,0,2,0,0,14,1,16,32,30,33,0.515625,18,2,17,33,35,35,0.546875,0.546875
952515,SOVA,B1 ALT,477,2,2,1265,1253.75,10030,30,0,30,28,22,-0.033333333333333326,0,0,0,0,0,0,0,0,0,0,0,0,0,0,1,0,0,0,1,0,0,3,0,5,8,8,8,0.26666666666666666,4,0,5,8,9,8,0.3,0.26666666666666666
952515,SOVA,C1,385,3,3,857.3,1044.2,52210,66,0,66,66,16,0.09090909090909094,0,0,0,1,0,1,0.015151515151515152,0,3,0,0,0,3,0.045454545454545456,0,4,1,1,1,5,0.07575757575757576,22,11,21,30,43,41,0.6212121212121212,22,18,22,32,44,50,0.6666666666666666,0.7575757575757576
952515,SOVA,D1,350.6623376623377,4,4,1015.2380952380952,997.2380952380952,104710,308,0,308,304,203,0.042207792207792194,2,0,3,1,5,1,0.003246753246753247,3,2,0,0,3,2,0.006493506493506494,7,0,1,1,8,1,0.003246753246753247,16,0,60,101,76,101,0.32792207792207795,28,2,64,103,92,105,0.2987012987012987,0.3409090909090909
952515,SOVA,D2,372,4,4,1020,1008.875,40355,88,0,88,86,48,-0.04545454545454547,2,2,1,0,3,2,0.022727272727272728,2,4,0,0,2,4,0.045454545454545456,3,3,0,1,3,4,0.045454545454545456,16,3,20,27,36,30,0.3409090909090909,23,12,21,28,44,40,0.5,0.45454545454545453
952515,SOVA,D3,427,4,4,1055.679012345679,1043.888888888889,84555,240,0,240,238,159,-0.04999999999999999,1,1,0,2,1,3,0.0125,0,1,0,0,0,1,0.004166666666666667,4,1,6,0,10,1,0.004166666666666667,16,8,66,68,82,76,0.31666666666666665,21,11,72,70,93,81,0.3875,0.3375
952515,SOVA,Not Selected,0,NA,NA,0,0,0,0,0,0,0,0,0,0,0,0,0,0,0,0,0,0,0,0,0,0,0,0,0,0,0,0,0,0,0,0,0,0,0,0,0,0,0,0,0,0,0,0,0
577897,Station Nine,a1a 1F Courtyard Stack,733,1,1,1680,1669,1669,12,0,12,12,11,0.08333333333333333,0,0,0,0,0,0,0,0,0,0,0,0,0,0,0,0,0,0,0,0,0,0,0,0,1,0,1,0.08333333333333333,0,0,0,1,0,1,0,0.08333333333333333
577897,Station Nine,a1a 1F Pool Stack,733,1,1,0,1805,1805,4,0,4,4,3,0,0,0,0,0,0,0,0,0,0,0,0,0,0,0,0,0,0,0,0,0,0,1,1,0,0,1,1,0.25,1,1,0,0,1,1,0.25,0.25
577897,Station Nine,a1a 1F Stack,733,1,1,1601.25,1746.25,6985,12,0,12,11,8,0.08333333333333331,0,0,0,0,0,0,0,0,0,0,0,0,0,0,0,1,0,0,0,1,0.08333333333333333,2,2,1,1,3,3,0.25,2,3,1,1,3,4,0.25,0.3333333333333333
577897,Station Nine,a1a Courtyard Stack,733,1,1,393.75,1774.5,7098,24,0,24,24,20,0.04166666666666666,0,0,0,0,0,0,0,0,0,0,0,0,0,0,0,0,0,0,0,0,0,3,4,0,0,3,4,0.16666666666666666,3,4,0,0,3,4,0.125,0.16666666666666666
577897,Station Nine,a1a Pool Stack,733,1,1,918.16,1836.5,3673,10,0,10,10,8,0,0,0,0,0,0,0,0,0,0,0,0,0,0,0,0,0,0,0,0,0,0,2,1,0,1,2,2,0.2,2,1,0,1,2,2,0.2,0.2
577897,Station Nine,a1a stack,733,1,1,677.8571428571429,1723.857142857143,12067,23,0,23,23,16,0.13043478260869568,0,0,0,0,0,0,0,0,0,0,0,0,0,0,0,0,0,0,0,0,0,3,6,1,1,4,7,0.30434782608695654,3,6,1,1,4,7,0.17391304347826086,0.30434782608695654
577897,Station Nine,a1a TF Pool Stack,733,1,1,0,0,0,1,0,1,1,1,0,0,0,0,0,0,0,0,0,0,0,0,0,0,0,0,0,0,0,0,0,0,0,0,0,0,0,0,0,0,0,0,0,0,0,0,0
577897,Station Nine,a1a TF Stack,733,1,1,0,1836,1836,4,0,4,4,3,0.25,0,0,0,0,0,0,0,0,0,0,0,0,0,0,0,0,0,0,0,0,0,0,1,0,0,0,1,0.25,0,1,0,0,0,1,0,0.25
577897,Station Nine,a1al TF Courtyard Stack,874,1,1,1825,1855,1855,12,0,12,12,11,-0.08333333333333333,0,0,0,0,0,0,0,0,0,0,0,0,0,0,0,0,0,0,0,0,0,2,1,0,0,2,1,0.08333333333333333,2,1,0,0,2,1,0.16666666666666666,0.08333333333333333
577897,Station Nine,a1al TF Pool Stack,874,1,1,2025,2100,2100,4,0,4,4,3,0.25,0,0,0,0,0,0,0,0,0,0,0,0,0,0,0,0,0,0,0,0,0,0,1,0,0,0,1,0.25,0,1,0,0,0,1,0,0.25
577897,Station Nine,a1al TF Stack,874,1,1,1930,1900,1900,8,0,8,8,7,0,0,0,0,0,0,0,0,0,0,0,0,0,0,0,1,0,0,0,1,0,0,0,0,0,1,0,1,0.125,1,0,0,1,1,1,0.125,0.125
577897,Station Nine,a1b Pool Stack,733,1,1,0,1836,1836,2,0,2,2,1,0.5,0,0,0,0,0,0,0,0,0,0,0,0,0,0,0,0,0,0,0,0,0,0,1,0,0,0,1,0.5,0,1,0,0,0,1,0,0.5
577897,Station Nine,a1b Stack,733,1,1,0,0,0,1,0,1,1,1,0,0,0,0,0,0,0,0,0,0,0,0,0,0,0,0,0,0,0,0,0,0,0,0,0,0,0,0,0,0,0,0,0,0,0,0,0
577897,Station Nine,a1bl TF Pool Stack,876,1,1,0,0,0,1,0,1,1,1,0,0,0,0,0,0,0,0,0,0,0,0,0,0,0,0,0,0,0,0,0,0,0,0,0,0,0,0,0,0,0,0,0,0,0,0,0
577897,Station Nine,a1bl TF Stack,876,1,1,0,0,0,1,0,1,1,1,-1,0,0,0,0,0,0,0,0,0,0,0,0,0,0,0,0,0,0,0,0,0,1,0,0,0,1,0,0,1,0,0,0,1,0,1,0
577897,Station Nine,a1c 1F Stack,732,1,1,1595,1595,1595,1,0,1,1,0,1,0,0,0,0,0,0,0,0,0,0,0,0,0,0,0,0,0,0,0,0,0,0,1,0,0,0,1,1,0,1,0,0,0,1,0,1
577897,Station Nine,a1hc 1F Pool Side by Side,733,1,1,0,0,0,1,0,1,1,1,0,0,0,0,0,0,0,0,0,0,0,0,0,0,0,0,0,0,0,0,0,0,0,0,0,0,0,0,0,0,0,0,0,0,0,0,0
577897,Station Nine,a1hc 1F Side by Side,733,1,1,0,0,0,1,0,1,1,1,-1,0,0,0,0,0,0,0,0,0,0,0,0,0,0,0,0,0,0,0,0,0,1,0,0,0,1,0,0,1,0,0,0,1,0,1,0
577897,Station Nine,a1hc 1F Stack,733,1,NA,0,0,0,1,0,1,1,1,0,0,0,0,0,0,0,0,0,0,0,0,0,0,0,0,0,0,0,0,0,0,0,0,0,0,0,0,0,0,0,0,0,0,0,0,0
577897,Station Nine,a1hc Pool Side by Side,733,1,1,0,0,0,2,0,2,2,2,0,0,0,0,0,0,0,0,0,0,0,0,0,0,0,0,0,0,0,0,0,0,0,0,0,0,0,0,0,0,0,0,0,0,0,0,0
577897,Station Nine,a1hc Side by Side,733,1,1,0,0,0,3,0,3,3,3,0,0,0,0,0,0,0,0,0,0,0,0,0,0,0,0,0,0,0,0,0,0,0,0,0,0,0,0,0,0,0,0,0,0,0,0,0
577897,Station Nine,a1hc TF Pool Side by Side,733,1,1,1625,1655,1655,1,0,1,0,0,1,0,0,0,0,0,0,0,0,0,0,0,0,0,0,0,0,0,0,0,0,0,0,1,0,0,0,1,1,0,1,0,0,0,1,0,1
577897,Station Nine,a1hc TF Side by Side,733,1,1,0,0,0,2,0,2,2,2,0,0,0,0,0,0,0,0,0,0,0,0,0,0,0,0,0,0,0,0,0,0,0,0,0,0,0,0,0,0,0,0,0,0,0,0,0
577897,Station Nine,a2 1F Pool Side by Side,863,1,1,0,0,0,1,0,1,1,1,0,0,0,0,0,0,0,0,0,0,0,0,0,0,0,0,0,0,0,0,0,0,0,0,0,0,0,0,0,0,0,0,0,0,0,0,0
577897,Station Nine,a2 Pool Side by Side,863,1,1,0,1841,1841,2,0,2,2,1,0.5,0,0,0,0,0,0,0,0,0,0,0,0,0,0,0,0,0,0,0,0,0,0,1,0,0,0,1,0.5,0,1,0,0,0,1,0,0.5
577897,Station Nine,a2 TF Pool Side by Side,863,1,NA,0,0,0,1,0,1,1,1,0,0,0,0,0,0,0,0,0,0,0,0,0,0,0,0,0,0,0,0,0,0,0,0,0,0,0,0,0,0,0,0,0,0,0,0,0
577897,Station Nine,a3a 1F Pool Side by Side,926,1,1,1865,1855,1855,4,0,4,2,3,0.25,0,0,0,0,0,0,0,0,0,0,0,0,0,0,0,0,0,0,0,0,0,0,0,0,1,0,1,0.25,0,0,0,1,0,1,0,0.25
577897,Station Nine,a3a 1F Side by Side,926,1,1,0,0,0,2,0,2,2,2,0,0,0,0,0,0,0,0,0,0,0,0,0,0,0,0,0,0,0,0,0,0,0,0,0,0,0,0,0,0,0,0,0,0,0,0,0
577897,Station Nine,a3a Pool Side by Side,926,1,1,0,2030,4060,8,0,8,8,6,-0.125,0,0,0,0,0,0,0,0,0,0,0,0,0,0,0,0,0,0,0,0,0,3,2,0,0,3,2,0.25,3,2,0,0,3,2,0.375,0.25
577897,Station Nine,a3a Side by Side,926,1,1,0,1989,1989,4,0,4,4,3,0,0,0,0,0,0,0,0,0,0,0,0,0,0,0,1,0,0,0,1,0,0,0,1,0,0,0,1,0.25,1,1,0,0,1,1,0.25,0.25
577897,Station Nine,a3a TF Pool Side by Side,926,1,1,0,0,0,2,0,2,2,2,0,0,0,0,0,0,0,0,0,0,0,0,0,0,0,0,0,0,0,0,0,0,0,0,0,0,0,0,0,0,0,0,0,0,0,0,0
577897,Station Nine,a3a TF Side by Side,926,1,1,0,0,0,2,0,2,2,2,-1,0,0,0,0,0,0,0,0,0,0,0,0,0,0,0,0,0,0,0,0,0,1,0,1,0,2,0,0,1,0,1,0,2,0,1,0
577897,Station Nine,a3al TF Pool Side by Side,1073,1,1,0,0,0,1,0,1,1,1,0,0,0,0,0,0,0,0,0,0,0,0,0,0,0,0,0,0,0,0,0,0,0,0,0,0,0,0,0,0,0,0,0,0,0,0,0
577897,Station Nine,a3al TF Pool Stack,1073,1,1,0,0,0,1,0,1,1,1,0,0,0,0,0,0,0,0,0,0,0,0,0,0,0,0,0,0,0,0,0,0,0,0,0,0,0,0,0,0,0,0,0,0,0,0,0
577897,Station Nine,a3b 1F Side by Side,935,1,1,0,0,0,2,0,2,2,2,0,0,0,0,0,0,0,0,0,0,0,0,0,0,0,0,0,0,0,0,0,0,0,0,0,0,0,0,0,0,0,0,0,0,0,0,0
577897,Station Nine,a3b Side by Side,935,1,1,0,1900,3800,6,0,6,6,4,0.3333333333333333,0,0,0,0,0,0,0,0,0,0,0,0,0,0,0,0,0,0,0,0,0,0,2,0,0,0,2,0.3333333333333333,0,2,0,0,0,2,0,0.3333333333333333
577897,Station Nine,a3b TF Side by Side,935,1,1,0,0,0,2,0,2,2,2,0,0,0,0,0,0,0,0,0,0,0,0,0,0,0,0,0,0,0,0,0,0,0,0,0,0,0,0,0,0,0,0,0,0,0,0,0
577897,Station Nine,a3bl TF Side by Side,1082,1,1,0,2178,2178,2,0,2,2,1,0.5,0,0,0,0,0,0,0,0,0,0,0,0,0,0,0,0,0,0,0,0,0,0,1,0,0,0,1,0.5,0,1,0,0,0,1,0,0.5
577897,Station Nine,a3c Side by Side,949,1,1,0,0,0,1,0,1,0,1,-1,0,0,0,0,0,0,0,0,0,0,0,0,0,0,0,0,0,0,0,0,0,1,0,0,0,1,0,0,1,0,0,0,1,0,1,0
577897,Station Nine,a3c TF Side by Side,949,1,1,0,0,0,1,0,1,1,1,0,0,0,0,0,0,0,0,0,0,0,0,0,0,0,0,0,0,0,0,0,0,0,0,0,0,0,0,0,0,0,0,0,0,0,0,0
577897,Station Nine,a3d Side by Side,958,1,1,0,1999,3998,2,0,2,2,0,1,0,0,0,0,0,0,0,0,0,0,0,0,0,0,0,0,0,0,0,0,0,0,2,0,0,0,2,1,0,2,0,0,0,2,0,1
577897,Station Nine,a3dl TF Side by Side,1129,1,1,0,0,0,1,0,1,1,1,-1,0,0,0,0,0,0,0,0,0,0,0,0,0,0,0,0,0,0,0,0,0,1,0,0,0,1,0,0,1,0,0,0,1,0,1,0
577897,Station Nine,a4 1F Side by Side,759,1,1,0,0,0,1,0,1,1,1,0,0,0,0,0,0,0,0,0,0,0,0,0,0,0,0,0,0,0,0,0,0,0,0,0,0,0,0,0,0,0,0,0,0,0,0,0
577897,Station Nine,a4 1F Stack,759,1,1,0,0,0,1,0,1,1,1,0,0,0,0,0,0,0,0,0,0,0,0,0,0,0,0,0,0,0,0,0,0,0,0,0,0,0,0,0,0,0,0,0,0,0,0,0
577897,Station Nine,a4 Stack,759,1,1,0,0,0,4,0,4,4,4,0,0,0,0,0,0,0,0,0,0,0,0,0,0,0,0,0,0,0,0,0,0,0,0,0,0,0,0,0,0,0,0,0,0,0,0,0
577897,Station Nine,a4 TF Stack,759,1,1,0,0,0,2,0,2,2,2,0,0,0,0,0,0,0,0,0,0,0,0,0,0,0,0,0,0,0,0,0,0,0,0,0,0,0,0,0,0,0,0,0,0,0,0,0
577897,Station Nine,a5 1F Pool Side by Side Terrace,887,1,1,0,0,0,1,0,1,1,1,0,0,0,0,0,0,0,0,0,0,0,0,0,0,0,0,0,0,0,0,0,0,0,0,0,0,0,0,0,0,0,0,0,0,0,0,0
577897,Station Nine,a5 Pool Side by Side Terrace,887,1,1,0,0,0,2,0,2,2,2,-1,0,0,0,0,0,0,0,0,0,0,0,0,0,0,0,0,0,0,0,0,0,2,0,0,0,2,0,0,2,0,0,0,2,0,1,0
577897,Station Nine,a5 TF Pool Side by Side Terrace,887,1,1,0,0,0,1,0,1,1,1,0,0,0,0,0,0,0,0,0,0,0,0,0,0,0,0,0,0,0,0,0,0,0,0,0,0,0,0,0,0,0,0,0,0,0,0,0
577897,Station Nine,a6 Stack,1137,1,2,0,0,0,1,0,1,1,1,0,0,0,0,0,0,0,0,0,0,0,0,0,0,0,0,0,0,0,0,0,0,0,0,0,0,0,0,0,0,0,0,0,0,0,0,0
577897,Station Nine,b1 1F Courtyard Side by Side,1066,2,2,0,0,0,4,0,4,4,4,0,0,0,0,0,0,0,0,0,0,0,0,0,0,0,0,0,0,0,0,0,0,0,0,0,0,0,0,0,0,0,0,0,0,0,0,0
577897,Station Nine,b1 1F Pool Side by Side,1066,2,2,0,0,0,2,0,2,2,2,0,0,0,0,0,0,0,0,0,0,0,0,0,0,0,0,0,0,0,0,0,0,0,0,0,0,0,0,0,0,0,0,0,0,0,0,0
577897,Station Nine,b1 1F Side by Side,1066,2,2,0,2366,2366,9,0,9,8,8,0,0,0,0,0,0,0,0,0,0,0,0,0,0,0,0,0,0,0,0,0,0,1,1,0,0,1,1,0.1111111111111111,1,1,0,0,1,1,0.1111111111111111,0.1111111111111111
577897,Station Nine,b1 Courtyard Side by Side,1066,2,2,0,0,0,8,0,8,8,8,0,0,0,0,0,0,0,0,0,0,0,0,0,0,0,0,0,0,0,0,0,0,0,0,0,0,0,0,0,0,0,0,0,0,0,0,0
577897,Station Nine,b1 Pool Side by Side,1066,2,2,0,0,0,4,0,4,4,4,0,0,0,0,0,0,0,0,0,0,0,0,0,0,0,0,0,0,0,0,0,0,0,0,0,0,0,0,0,0,0,0,0,0,0,0,0
577897,Station Nine,b1 Side by Side,1066,2,2,0,0,0,19,0,19,19,19,-0.05263157894736842,0,0,0,0,0,0,0,0,0,0,0,0,0,0,0,0,0,0,0,0,0,1,0,0,0,1,0,0,1,0,0,0,1,0,0.05263157894736842,0
577897,Station Nine,b1 TF Side by Side,1066,2,2,0,0,0,3,0,3,2,3,0,0,0,0,0,0,0,0,0,0,0,0,0,0,0,0,0,0,0,0,0,0,0,0,0,0,0,0,0,0,0,0,0,0,0,0,0
577897,Station Nine,b1al TF Courtyard Side by Side,1206,2,2,0,0,0,4,0,4,4,4,0,0,0,0,0,0,0,0,0,0,0,0,0,0,0,0,0,0,0,0,0,0,0,0,0,0,0,0,0,0,0,0,0,0,0,0,0
577897,Station Nine,b1al TF Pool Side by Side,1206,2,2,0,0,0,1,0,1,1,1,0,0,0,0,0,0,0,0,0,0,0,0,0,0,0,0,0,0,0,0,0,0,0,0,0,0,0,0,0,0,0,0,0,0,0,0,0
577897,Station Nine,b1al TF Side by Side,1206,2,2,2530,2530,2530,6,0,6,5,5,0,0,0,0,0,0,0,0,0,0,0,0,0,0,0,0,0,0,0,0,0,0,1,1,0,0,1,1,0.16666666666666666,1,1,0,0,1,1,0.16666666666666666,0.16666666666666666
577897,Station Nine,b1bl TF Pool Side by Side,1193,2,2,0,0,0,1,0,1,1,1,0,0,0,0,0,0,0,0,0,0,0,0,0,0,0,0,0,0,0,0,0,0,0,0,0,0,0,0,0,0,0,0,0,0,0,0,0
577897,Station Nine,b1bl TF Side by Side,1193,2,2,0,2733,2733,4,0,4,3,3,0,0,0,0,0,0,0,0,0,0,0,0,0,0,0,0,0,0,0,0,0,0,1,1,0,0,1,1,0.25,1,1,0,0,1,1,0.25,0.25
577897,Station Nine,b1hc 1F Side by Side,1066,2,2,0,0,0,1,0,1,1,1,0,0,0,0,0,0,0,0,0,0,0,0,0,0,0,0,0,0,0,0,0,0,0,0,0,0,0,0,0,0,0,0,0,0,0,0,0
577897,Station Nine,b1hc Side by Side,1066,2,2,0,0,0,3,0,3,3,3,-0.3333333333333333,0,0,0,0,0,0,0,0,0,0,0,0,0,0,0,0,0,0,0,0,0,1,0,0,0,1,0,0,1,0,0,0,1,0,0.3333333333333333,0
577897,Station Nine,b2a 1F Courtyard Side by Side,1150,2,2,0,2285,2285,2,0,2,2,1,-0.5,0,0,0,0,0,0,0,0,0,0,0,0,0,0,0,0,0,0,0,0,0,0,0,2,1,2,1,0.5,0,0,2,1,2,1,1,0.5
577897,Station Nine,b2a 1F Side by Side,1150,2,2,0,0,0,2,0,2,2,2,0,0,0,0,0,0,0,0,0,0,0,0,0,0,0,0,0,0,0,0,0,0,0,0,0,0,0,0,0,0,0,0,0,0,0,0,0
577897,Station Nine,b2a Courtyard Side by Side,1150,2,2,0,0,0,4,0,4,4,4,0,0,0,0,0,0,0,0,0,0,0,0,0,0,0,0,0,0,0,0,0,0,0,0,0,0,0,0,0,0,0,0,0,0,0,0,0
577897,Station Nine,b2a Side by Side,1150,2,2,0,0,0,4,0,4,4,4,-0.25,0,0,0,0,0,0,0,0,0,0,0,0,0,0,0,0,0,0,0,0,0,1,0,0,0,1,0,0,1,0,0,0,1,0,0.25,0
577897,Station Nine,b2al TF Courtyard Side by Side,1384,2,2,0,0,0,2,0,2,1,2,0,0,0,0,0,0,0,0,0,0,0,0,0,0,0,0,0,0,0,0,0,0,0,0,0,0,0,0,0,0,0,0,0,0,0,0,0
577897,Station Nine,b2al TF Side by Side,1384,2,2,0,0,0,1,0,1,0,1,0,0,0,0,0,0,0,0,0,0,0,0,0,0,0,0,0,0,0,0,0,0,0,0,0,0,0,0,0,0,0,0,0,0,0,0,0
577897,Station Nine,b2b 1F Courtyard Side by Side,1177,2,2,0,0,0,2,0,2,2,2,0,0,0,0,0,0,0,0,0,0,0,0,0,0,0,0,0,0,0,0,0,0,0,0,0,0,0,0,0,0,0,0,0,0,0,0,0
577897,Station Nine,b2b 1F Side by Side,1177,2,2,0,0,0,1,0,1,1,1,0,0,0,0,0,0,0,0,0,0,0,0,0,0,0,0,0,0,0,0,0,0,0,0,0,0,0,0,0,0,0,0,0,0,0,0,0
577897,Station Nine,b2b Courtyard Side by Side,1177,2,2,0,0,0,4,0,4,4,4,-0.25,0,0,0,0,0,0,0,0,0,0,0,0,0,0,0,0,0,0,0,0,0,1,0,0,0,1,0,0,1,0,0,0,1,0,0.25,0
577897,Station Nine,b2b Side by Side,1177,2,2,2415,2415,2415,2,0,2,2,1,0,0,0,0,0,0,0,0,0,0,0,0,0,0,0,0,0,0,0,0,0,0,1,1,0,0,1,1,0.5,1,1,0,0,1,1,0.5,0.5
577897,Station Nine,b2bl TF Courtyard Side by Side,1411,2,2,0,0,0,2,0,2,1,2,0,0,0,0,0,0,0,0,0,0,0,0,0,0,0,0,0,0,0,0,0,0,0,0,0,0,0,0,0,0,0,0,0,0,0,0,0
577897,Station Nine,b2bl TF Side by Side,1411,2,2,0,0,0,1,0,1,1,1,0,0,0,0,0,0,0,0,0,0,0,0,0,0,0,0,0,0,0,0,0,0,0,0,0,0,0,0,0,0,0,0,0,0,0,0,0
577897,Station Nine,b2cl TF Side by Side,1407,2,2,0,0,0,1,0,1,1,1,0,0,0,0,0,0,0,0,0,0,0,0,0,0,0,0,0,0,0,0,0,0,0,0,0,0,0,0,0,0,0,0,0,0,0,0,0
577897,Station Nine,b3a 1F Courtyard Side by Side,1251,2,2,0,0,0,4,0,4,4,4,-0.25,0,0,0,0,0,0,0,0,0,0,0,0,0,0,0,0,0,0,0,0,0,1,0,0,0,1,0,0,1,0,0,0,1,0,0.25,0
577897,Station Nine,b3a 1F Pool Side by Side,1251,2,2,0,0,0,1,0,1,1,1,0,0,0,0,0,0,0,0,0,0,0,0,0,0,0,0,0,0,0,0,0,0,0,0,0,0,0,0,0,0,0,0,0,0,0,0,0
577897,Station Nine,b3a 1F Side by Side,1251,2,2,0,0,0,1,0,1,1,1,-1,0,0,0,0,0,0,0,0,0,0,0,0,0,0,0,0,0,0,0,0,0,1,0,0,0,1,0,0,1,0,0,0,1,0,1,0
577897,Station Nine,b3a Courtyard Side by Side,1251,2,2,0,0,0,4,0,4,4,4,0,0,0,0,0,0,0,0,0,0,0,0,0,0,0,0,0,0,0,0,0,0,0,0,0,0,0,0,0,0,0,0,0,0,0,0,0
577897,Station Nine,b3a Pool Side by Side,1251,2,2,0,0,0,2,0,2,2,2,0,0,0,0,0,0,0,0,0,0,0,0,0,0,0,0,0,0,0,0,0,0,0,0,0,0,0,0,0,0,0,0,0,0,0,0,0
577897,Station Nine,b3a Side by Side,1251,2,2,0,2519.5,5039,4,0,4,4,2,0.5,0,0,0,0,0,0,0,0,0,0,0,0,0,0,0,0,0,0,0,0,0,0,2,0,0,0,2,0.5,0,2,0,0,0,2,0,0.5
577897,Station Nine,b3a TF Courtyard Side by Side,1251,2,2,0,0,0,2,0,2,2,2,0,0,0,0,0,0,0,0,0,0,0,0,0,0,0,0,0,0,0,0,0,0,0,0,0,0,0,0,0,0,0,0,0,0,0,0,0
577897,Station Nine,b3a TF Pool Side by Side,1251,2,2,0,0,0,1,0,1,1,1,0,0,0,0,0,0,0,0,0,0,0,0,0,0,0,0,0,0,0,0,0,0,0,0,0,0,0,0,0,0,0,0,0,0,0,0,0
577897,Station Nine,b3a TF Side by Side,1251,2,2,0,0,0,2,0,2,2,2,0,0,0,0,0,0,0,0,0,0,0,0,0,0,0,0,0,0,0,0,0,0,0,0,0,0,0,0,0,0,0,0,0,0,0,0,0
577897,Station Nine,b3b Courtyard Side by Side,1337,2,2,0,0,0,4,0,4,4,4,-0.5,0,0,0,0,0,0,0,0,0,0,0,0,0,0,0,0,0,0,0,0,0,2,0,0,0,2,0,0,2,0,0,0,2,0,0.5,0
577897,Station Nine,b3b TF Courtyard Side by Side,1337,2,2,0,2631,2631,2,0,2,2,1,0.5,0,0,0,0,0,0,0,0,0,0,0,0,0,0,0,0,0,0,0,0,0,0,1,0,0,0,1,0.5,0,1,0,0,0,1,0,0.5
577897,Station Nine,b4 1F Pool Side by Side,1307,2,2,0,0,0,1,0,1,0,1,0,0,0,0,0,0,0,0,0,0,0,0,0,0,0,0,0,0,0,0,0,0,0,0,0,0,0,0,0,0,0,0,0,0,0,0,0
577897,Station Nine,b4 Pool Side by Side,1307,2,2,0,0,0,2,0,2,2,2,0,0,0,0,0,0,0,0,0,0,0,0,0,0,0,0,0,0,0,0,0,0,0,0,0,0,0,0,0,0,0,0,0,0,0,0,0
577897,Station Nine,b4 TF Pool Side by Side,1307,2,2,0,0,0,1,0,1,1,1,-1,0,0,0,0,0,0,0,0,0,0,0,0,0,0,0,0,0,0,0,0,0,1,0,0,0,1,0,0,1,0,0,0,1,0,1,0
577897,Station Nine,b5 Pool Side by Side,1553,2,2,0,0,0,1,0,1,1,1,0,0,0,0,0,0,0,0,0,0,0,0,0,0,0,0,0,0,0,0,0,0,0,0,0,0,0,0,0,0,0,0,0,0,0,0,0
577897,Station Nine,b5 TF Pool Side by Side,1553,2,2,0,0,0,1,0,1,1,1,-1,0,0,0,0,0,0,0,0,0,0,0,0,0,0,1,0,0,0,1,0,0,0,0,0,0,0,0,0,1,0,0,0,1,0,1,0
577897,Station Nine,b7hc Side by Side,1611,2,2,0,0,0,1,0,1,1,1,-1,0,0,0,0,0,0,0,0,0,0,0,0,0,0,0,0,0,0,0,0,0,1,0,0,0,1,0,0,1,0,0,0,1,0,1,0
577897,Station Nine,b7hc TF Side by Side,1611,2,2,0,0,0,1,0,1,1,1,0,0,0,0,0,0,0,0,0,0,0,0,0,0,0,0,0,0,0,0,0,0,0,0,0,0,0,0,0,0,0,0,0,0,0,0,0
577897,Station Nine,b8 Side by Side,1535,2,2,0,0,0,1,0,1,0,1,0,0,0,0,0,0,0,0,0,0,0,0,0,0,0,0,0,0,0,0,0,0,0,0,0,0,0,0,0,0,0,0,0,0,0,0,0
577897,Station Nine,b8 TF Side by Side,1535,2,2,0,0,0,1,0,1,1,1,0,0,0,0,0,0,0,0,0,0,0,0,0,0,0,0,0,0,0,0,0,0,0,0,0,0,0,0,0,0,0,0,0,0,0,0,0
577897,Station Nine,Not Selected,0,NA,NA,0,0,0,0,0,0,0,0,0,0,0,0,0,0,0,0,0,0,0,0,0,0,0,0,0,0,0,0,0,0,0,0,0,0,0,0,0,0,0,0,0,0,0,0,0
577897,Station Nine,Two Bedroom Waitlist,0,NA,NA,3054,3054,3054,0,0,0,0,0,0,0,0,0,0,0,0,0,0,0,0,0,0,0,0,0,0,0,0,0,0,0,0,1,0,0,0,1,0,0,1,0,0,0,1,0,0
518041,The Academy at Frisco,A1,616.8709677419355,1,1,1322.3214285714287,1519.2857142857142,42540,31,0,31,31,3,0.06451612903225801,0,0,0,0,0,0,0,0,0,0,0,0,0,0,0,0,0,0,0,0,0,12,5,14,23,26,28,0.9032258064516129,12,5,14,23,26,28,0.8387096774193549,0.9032258064516129
518041,The Academy at Frisco,A2,538,1,1,1575,1625,1625,3,0,3,3,2,0,0,0,0,0,0,0,0,0,0,0,0,0,0,0,0,0,0,0,0,0,0,0,0,1,1,1,1,0.3333333333333333,0,0,1,1,1,1,0.3333333333333333,0.3333333333333333
518041,The Academy at Frisco,B1,403.5,2,2,959.5098039215686,1080.8823529411766,55125,48,0,48,48,-3,0.10416666666666663,0,0,0,0,0,0,0,0,2,0,0,0,2,0.041666666666666664,2,1,0,0,2,1,0.020833333333333332,11,26,33,22,44,48,1,13,29,33,22,46,51,0.9583333333333334,1.0625
518041,The Academy at Frisco,B2,375,2,2,790,1043.5,10435,10,0,10,10,0,0.19999999999999996,0,0,0,0,0,0,0,0,0,0,0,0,0,0,0,0,0,0,0,0,0,5,4,3,6,8,10,1,5,4,3,6,8,10,0.8,1
518041,The Academy at Frisco,B3,393,2,2,1800,1062.7777777777778,9565,10,0,10,9,1,0.6000000000000001,0,0,0,0,0,0,0,0,0,0,0,0,0,0,0,0,0,0,0,0,0,2,8,1,1,3,9,0.9,2,8,1,1,3,9,0.3,0.9
518041,The Academy at Frisco,C1,346,3,3,903.6111111111111,1048.611111111111,18875,18,0,18,18,0,0,0,0,0,0,0,0,0,0,0,0,0,0,0,0,0,0,0,0,0,0,0,10,3,8,15,18,18,1,10,3,8,15,18,18,1,1
518041,The Academy at Frisco,D1,340,4,4,871.9907407407408,948.9120370370371,204965,228,0,228,222,12,0.07017543859649122,5,1,0,1,5,2,0.008771929824561403,8,3,0,0,8,3,0.013157894736842105,0,2,0,0,0,2,0.008771929824561403,85,128,102,81,187,209,0.9166666666666666,98,134,102,82,200,216,0.8771929824561403,0.9473684210526315
518041,The Academy at Frisco,D2,351,4,4,892.1804511278195,938.421052631579,124810,140,0,140,140,7,0.014285714285714235,0,4,0,1,0,5,0.03571428571428571,5,1,0,0,5,1,0.007142857142857143,0,0,0,0,0,0,0,39,75,87,52,126,127,0.9071428571428571,44,80,87,53,131,133,0.9357142857142857,0.95
518041,The Academy at Frisco,D3,353,4,4,756.25,986.25,15780,16,0,16,16,0,0.125,0,0,0,0,0,0,0,1,1,0,0,1,1,0.0625,0,0,0,0,0,0,0,4,9,9,6,13,15,0.9375,5,10,9,6,14,16,0.875,1
518041,The Academy at Frisco,D4,364,4,4,969.7916666666666,1062.7083333333333,25505,40,0,40,40,16,-0.30000000000000004,0,3,0,0,0,3,0.075,3,2,0,0,3,2,0.05,0,0,0,0,0,0,0,12,7,21,12,33,19,0.475,15,12,21,12,36,24,0.9,0.6
518041,The Academy at Frisco,D5,335,4,4,948.7068965517242,1003.1896551724138,58185,76,0,76,75,18,-0.11842105263157887,0,3,0,0,0,3,0.039473684210526314,9,1,0,0,9,1,0.013157894736842105,0,1,0,0,0,1,0.013157894736842105,29,30,29,23,58,53,0.6973684210526315,38,35,29,23,67,58,0.881578947368421,0.7631578947368421
518041,The Academy at Frisco,Not Selected,0,NA,NA,0,0,0,0,0,0,0,0,0,0,0,0,0,0,0,0,0,0,0,0,0,0,0,0,0,0,0,0,0,0,0,0,0,0,0,0,0,0,0,0,0,0,0,0,0
518041,The Academy at Frisco,Studio,434,NA,1,1371.0714285714287,1384.2857142857142,19380,20,0,20,20,6,0,0,0,0,0,0,0,0,0,1,0,0,0,1,0.05,0,1,0,0,0,1,0.05,7,3,7,9,14,12,0.6,7,5,7,9,14,14,0.7,0.7
518042,The Academy on Charles,A1,441,1,1,2100,2100,2100,1,0,1,1,0,0,0,0,0,0,0,0,0,0,0,0,0,0,0,0,0,0,0,0,0,0,0,0,1,1,0,1,1,1,0,1,1,0,1,1,1,1
518042,The Academy on Charles,A2,667,1,1,2225,2225,4450,1,0,1,1,-1,1,0,0,0,0,0,0,0,0,1,0,0,0,1,1,0,0,0,0,0,0,0,0,0,1,1,1,1,1,0,1,1,1,1,2,1,2
518042,The Academy on Charles,B1,305.4,2,2,1692.5,1698.3333333333333,20380,10,0,10,10,-2,0.19999999999999996,0,0,0,0,0,0,0,0,2,0,0,0,2,0.2,1,1,0,0,1,1,0.1,6,7,3,2,9,9,0.9,7,10,3,2,10,12,1,1.2
518042,The Academy on Charles,B2,331.5,2,2,1732.5,1726.25,13810,8,0,8,8,0,0,0,0,0,0,0,0,0,0,0,0,0,0,0,0,0,0,0,0,0,0,0,0,8,8,0,8,8,1,0,8,8,0,8,8,1,1
518042,The Academy on Charles,B3,327,2,2,1696.4285714285713,1706.4285714285713,11945,6,0,6,6,-1,0.33333333333333337,0,0,0,0,0,0,0,0,2,0,0,0,2,0.3333333333333333,0,0,0,0,0,0,0,5,2,0,3,5,5,0.8333333333333334,5,4,0,3,5,7,0.8333333333333334,1.1666666666666667
518042,The Academy on Charles,B4,335.75,2,1,1720,1690,3380,8,0,8,7,6,-0.5,0,0,0,0,0,0,0,1,0,0,0,1,0,0,0,0,0,0,0,0,0,1,0,4,2,5,2,0.25,2,0,4,2,6,2,0.75,0.25
518042,The Academy on Charles,B5,365.5,2,1,0,0,0,8,0,8,8,8,-0.75,0,0,0,0,0,0,0,1,0,0,0,1,0,0,3,0,0,0,3,0,0,0,0,2,0,2,0,0,4,0,2,0,6,0,0.75,0
518042,The Academy on Charles,B6,447,2,2,1746.6666666666667,1733.888888888889,15605,10,0,10,9,1,0.20000000000000007,0,0,0,0,0,0,0,2,0,0,0,2,0,0,2,0,0,0,2,0,0,1,4,2,5,3,9,0.9,5,4,2,5,7,9,0.7,0.9
518042,The Academy on Charles,C1,364.5,3,3,1580,1567.5,18810,12,0,12,12,0,0.25,0,0,0,0,0,0,0,1,0,0,0,1,0,0,1,0,0,0,1,0,0,3,9,4,3,7,12,1,5,9,4,3,9,12,0.75,1
518042,The Academy on Charles,C2,339,3,3,1484.5454545454545,1638.8636363636363,36055,36,0,36,36,14,-0.05555555555555547,0,0,0,0,0,0,0,2,0,0,0,2,0,0,0,0,0,0,0,0,0,8,13,14,9,22,22,0.6111111111111112,10,13,14,9,24,22,0.6666666666666666,0.6111111111111112
518042,The Academy on Charles,C3,283,3,3,1578.2608695652175,1579.3478260869565,36325,24,0,24,24,1,0.16666666666666674,0,0,0,0,0,0,0,0,0,0,0,0,0,0,3,2,0,0,3,2,0.08333333333333333,5,17,11,4,16,21,0.875,8,19,11,4,19,23,0.7916666666666666,0.9583333333333334
518042,The Academy on Charles,C4,422,3,3,1625,1625,1625,3,0,3,3,2,0,0,0,0,0,0,0,0,0,0,0,0,0,0,0,0,0,0,0,0,0,0,0,0,1,1,1,1,0.3333333333333333,0,0,1,1,1,1,0.3333333333333333,0.3333333333333333
518042,The Academy on Charles,D1,281.3076923076923,4,4,1565.8333333333333,1551.6666666666667,9310,104,0,104,104,98,-0.07692307692307691,0,0,0,0,0,0,0,0,0,0,0,0,0,0,0,0,0,0,0,0,0,1,1,13,5,14,6,0.057692307692307696,1,1,13,5,14,6,0.1346153846153846,0.057692307692307696
518042,The Academy on Charles,D2,351.8,4,4,1585.8333333333333,1557.2222222222222,28030,40,0,40,40,22,-0.49999999999999994,1,0,0,0,1,0,0,2,1,0,0,2,1,0.025,2,0,0,0,2,0,0,21,4,12,13,33,17,0.425,26,5,12,13,38,18,0.95,0.45
518042,The Academy on Charles,D3,307.6,4,4,1529.2105263157894,1525.5263157894738,28985,20,0,20,20,1,0.3999999999999999,0,0,0,0,0,0,0,3,0,0,0,3,0,0,0,0,0,1,0,1,0.05,4,9,4,9,8,18,0.9,7,9,4,10,11,19,0.55,0.95
518042,The Academy on Charles,D4,267,4,2,1515,1502.5,12020,32,0,32,32,24,-0.125,0,0,0,0,0,0,0,0,0,0,0,0,0,0,0,0,0,0,0,0,0,4,4,8,4,12,8,0.25,4,4,8,4,12,8,0.375,0.25
518042,The Academy on Charles,Not Selected,0,NA,NA,0,0,0,0,0,0,0,0,0,0,0,0,0,0,0,0,0,0,0,0,0,0,0,0,0,0,0,0,0,0,0,0,0,0,0,0,0,0,0,0,0,0,0,0,0
518042,The Academy on Charles,S1,351,NA,1,2057.5,2022.5,8090,4,0,4,4,0,0,0,0,0,0,0,0,0,0,0,0,0,0,0,0,0,0,0,0,0,0,0,0,1,4,3,4,4,1,0,1,4,3,4,4,1,1
518042,The Academy on Charles,S2,423,0,1,2465,2465,2465,1,0,1,1,0,0,0,0,0,0,0,0,0,0,0,0,0,0,0,0,0,0,0,0,0,0,0,0,1,1,0,1,1,1,0,1,1,0,1,1,1,1
1197886,The Caswell at Runnymeade,A1.1,849,1,1,0,0,0,3,0,3,1,3,-1,0,0,0,0,0,0,0,0,0,0,0,0,0,0,0,0,0,0,0,0,0,3,0,0,0,3,0,0,3,0,0,0,3,0,1,0
1197886,The Caswell at Runnymeade,A1.2,881,1,1,0,0,0,2,0,2,1,2,-0.5,0,0,0,0,0,0,0,0,0,0,0,0,0,0,0,0,0,0,0,0,0,1,0,0,0,1,0,0,1,0,0,0,1,0,0.5,0
1197886,The Caswell at Runnymeade,A2,1052,1,1,0,0,0,4,0,4,4,4,0,0,0,0,0,0,0,0,0,0,0,0,0,0,0,0,0,0,0,0,0,0,0,0,0,0,0,0,0,0,0,0,0,0,0,0,0
1197886,The Caswell at Runnymeade,A3,805,1,1,2300,2403,24030,16,0,16,16,6,0.1875,0,0,0,0,0,0,0,0,0,0,0,0,0,0,1,0,0,1,1,1,0.0625,6,4,0,5,6,9,0.5625,7,4,0,6,7,10,0.4375,0.625
1197886,The Caswell at Runnymeade,A4,858,1,1,2307,2404.375,19235,16,0,16,15,8,-0.125,0,0,0,1,0,1,0.0625,0,0,0,0,0,0,0,0,0,0,0,0,0,0,10,3,0,4,10,7,0.4375,10,3,0,5,10,8,0.625,0.5
1197886,The Caswell at Runnymeade,A5.1,1059,1,1,2519,2815.3333333333335,8446,6,0,6,6,3,0.33333333333333337,0,0,0,0,0,0,0,0,0,0,0,0,0,0,0,0,0,0,0,0,0,1,1,0,2,1,3,0.5,1,1,0,2,1,3,0.16666666666666666,0.5
1197886,The Caswell at Runnymeade,A5.2,1071,1,1,2672,2868,5736,6,0,6,6,4,0,0,0,0,0,0,0,0,0,0,0,0,0,0,0,0,0,0,0,0,0,0,2,1,0,1,2,2,0.3333333333333333,2,1,0,1,2,2,0.3333333333333333,0.3333333333333333
1197886,The Caswell at Runnymeade,A6,1048,1,1,2723,2334,2334,4,0,4,4,3,0,0,0,0,0,0,0,0,0,0,0,0,0,0,0,0,0,0,0,0,0,0,1,1,0,0,1,1,0.25,1,1,0,0,1,1,0.25,0.25
1197886,The Caswell at Runnymeade,A7,1192,1,1,2723,3005.25,12021,8,0,8,8,4,0,0,0,0,1,0,1,0.125,0,0,0,0,0,0,0,0,0,0,1,0,1,0.125,4,1,0,1,4,2,0.25,4,1,0,3,4,4,0.5,0.5
1197886,The Caswell at Runnymeade,B1,1277.578313253012,2,2,2870.6744186046512,3153.860465116279,135616,85,2,83,70,40,0.27710843373493976,0,0,0,1,0,1,0.012048192771084338,0,1,0,0,0,1,0.012048192771084338,0,1,0,5,0,6,0.07228915662650602,20,24,0,11,20,35,0.42168674698795183,20,26,0,17,20,43,0.24096385542168675,0.5180722891566265
1197886,The Caswell at Runnymeade,B1.2,1289,2,2,2881,3263,9789,7,0,7,6,4,0.14285714285714285,0,0,0,0,0,0,0,0,0,0,0,0,0,0,2,0,0,0,2,0,0,0,2,0,1,0,3,0.42857142857142855,2,2,0,1,2,3,0.2857142857142857,0.42857142857142855
1197886,The Caswell at Runnymeade,B2,1365,2,2,2326.4736842105262,3388.0526315789475,64373,38,0,38,29,19,0.15789473684210525,0,0,0,0,0,0,0,0,0,0,0,0,0,0,2,1,0,0,2,1,0.02631578947368421,11,9,0,9,11,18,0.47368421052631576,13,10,0,9,13,19,0.34210526315789475,0.5
1197886,The Caswell at Runnymeade,B3.1,1260,2,2,2881,3341,3341,4,0,4,3,3,0,0,0,0,0,0,0,0,0,0,0,0,0,0,0,1,0,0,0,1,0,0,0,1,0,0,0,1,0.25,1,1,0,0,1,1,0.25,0.25
1197886,The Caswell at Runnymeade,B3.3,1307,2,2,2889,3819,3819,2,0,2,1,1,0.5,0,0,0,0,0,0,0,0,0,0,0,0,0,0,0,0,0,0,0,0,0,0,1,0,0,0,1,0.5,0,1,0,0,0,1,0,0.5
1197886,The Caswell at Runnymeade,C1,1660,3,2,3621.1428571428573,3614.5714285714284,25302,16,0,16,14,9,0.125,0,0,0,0,0,0,0,0,0,0,0,0,0,0,1,1,0,0,1,1,0.0625,4,4,0,2,4,6,0.375,5,5,0,2,5,7,0.3125,0.4375
1197886,The Caswell at Runnymeade,C2,1595,3,2,3571.133333333333,4205,63075,32,0,32,28,17,0.09375,1,1,0,0,1,1,0.03125,0,0,0,0,0,0,0,0,0,0,1,0,1,0.03125,11,6,0,7,11,13,0.40625,12,7,0,8,12,15,0.375,0.46875
1197886,The Caswell at Runnymeade,Not Selected,0,NA,NA,0,0,0,0,0,0,0,0,0,0,0,0,0,0,0,0,0,0,0,0,0,0,0,0,0,0,0,0,0,0,0,0,0,0,0,0,0,0,0,0,0,0,0,0,0
833617,The Dean Campustown,A1,533,1,1,1966.7857142857142,2128.214285714286,29795,14,0,14,13,0,-0.0714285714285714,0,0,0,0,0,0,0,0,0,0,0,0,0,0,1,0,0,0,1,0,0,5,10,9,4,14,14,1,6,10,9,4,15,14,1.0714285714285714,1
833617,The Dean Campustown,A2 Deluxe,133,1,1,2107.8571428571427,1088.392857142857,30475,28,0,28,28,0,-0.0714285714285714,0,0,0,0,0,0,0,2,0,0,0,2,0,0,2,0,0,0,2,0,0,14,14,12,14,26,28,1,18,14,12,14,30,28,1.0714285714285714,1
833617,The Dean Campustown,B1,184,2,1,1356.25,1351.7857142857142,37850,28,0,28,28,0,0.0714285714285714,0,0,0,0,0,0,0,4,0,0,0,4,0,0,0,0,0,0,0,0,0,12,22,10,6,22,28,1,16,22,10,6,26,28,0.9285714285714286,1
833617,The Dean Campustown,B2,222,2,2,1486.111111111111,1453.7037037037037,39250,28,0,28,28,1,0,0,0,0,0,0,0,0,0,1,0,0,0,1,0.03571428571428571,0,0,0,0,0,0,0,15,17,12,9,27,26,0.9285714285714286,15,18,12,9,27,27,0.9642857142857143,0.9642857142857143
833617,The Dean Campustown,B3 XL,66,2,2,1666.6666666666667,822.3958333333334,39475,56,0,56,56,8,0.1428571428571428,0,0,0,2,0,2,0.03571428571428571,0,0,0,0,0,0,0,2,2,0,0,2,2,0.03571428571428571,26,20,12,24,38,44,0.7857142857142857,28,22,12,26,40,48,0.7142857142857143,0.8571428571428571
833617,The Dean Campustown,B4 XL,73,2,2,1315.8333333333333,873.2291666666666,41915,56,0,56,56,8,0.0357142857142857,0,0,0,2,0,2,0.03571428571428571,0,0,0,2,0,2,0.03571428571428571,0,0,0,0,0,0,0,14,6,32,38,46,44,0.7857142857142857,14,6,32,42,46,48,0.8214285714285714,0.8571428571428571
833617,The Dean Campustown,D1,70,4,2,1146.341463414634,1059.1463414634147,43425,56,0,56,48,15,0.08928571428571419,0,0,0,0,0,0,0,1,0,0,0,1,0,0,2,0,0,0,2,0,0,20,23,13,18,33,41,0.7321428571428571,23,23,13,18,36,41,0.6428571428571429,0.7321428571428571
833617,The Dean Campustown,D2,71,4,2,1164.8148148148148,1088.888888888889,29400,56,0,56,55,29,-0.12499999999999994,0,1,0,1,0,2,0.03571428571428571,0,0,0,0,0,0,0,1,0,0,0,1,0,0,26,17,7,8,33,25,0.44642857142857145,27,18,7,9,34,27,0.6071428571428571,0.48214285714285715
833617,The Dean Campustown,D3,81,4,4,1196.875,1142.7083333333333,27425,56,0,56,53,32,-0.035714285714285754,2,0,0,1,2,1,0.017857142857142856,4,1,0,0,4,1,0.017857142857142856,1,0,0,0,1,0,0,2,13,17,9,19,22,0.39285714285714285,9,14,17,10,26,24,0.4642857142857143,0.42857142857142855
833617,The Dean Campustown,D4,81,4,4,1161.607142857143,1189.2857142857142,33300,56,0,56,56,28,-0.0892857142857143,0,0,0,0,0,0,0,2,2,0,0,2,2,0.03571428571428571,0,0,0,0,0,0,0,16,19,15,7,31,26,0.4642857142857143,18,21,15,7,33,28,0.5892857142857143,0.5
833617,The Dean Campustown,D5,84,4,4,1200.7142857142858,1222.857142857143,42800,56,0,56,56,21,-0.0892857142857143,0,0,0,0,0,0,0,3,0,1,0,4,0,0,0,0,0,0,0,0,0,16,23,20,12,36,35,0.625,19,23,21,12,40,35,0.7142857142857143,0.625
833617,The Dean Campustown,M1,374.6666666666667,NA,1,1761.860465116279,1691.9767441860465,72755,84,0,84,82,41,0.13095238095238093,0,0,0,2,0,2,0.023809523809523808,0,0,0,0,0,0,0,0,0,0,0,0,0,0,9,14,23,27,32,41,0.4880952380952381,9,14,23,29,32,43,0.38095238095238093,0.5119047619047619
833617,The Dean Campustown,Not Selected,0,NA,NA,0,0,0,0,0,0,0,0,0,0,0,0,0,0,0,0,0,0,0,0,0,0,0,0,0,0,0,0,0,0,0,0,0,0,0,0,0,0,0,0,0,0,0,0,0
833617,The Dean Campustown,S1,456,NA,1,1741.3793103448277,1959.4827586206898,56825,42,0,42,41,13,-0.04761904761904767,0,0,0,1,0,1,0.023809523809523808,0,0,1,0,1,0,0,1,0,0,0,1,0,0,10,8,19,20,29,28,0.6666666666666666,11,8,20,21,31,29,0.7380952380952381,0.6904761904761905
833617,The Dean Campustown,S2,466,NA,1,1763.6666666666667,2061.3333333333335,30920,28,0,28,28,13,0.0714285714285714,0,0,0,2,0,2,0.07142857142857142,0,0,0,0,0,0,0,0,0,0,0,0,0,0,6,0,7,13,13,13,0.4642857142857143,6,0,7,15,13,15,0.4642857142857143,0.5357142857142857
833617,The Dean Campustown,S3 XL,154,1,1,1730,1113.75,17820,28,0,28,28,12,0.0714285714285714,0,2,0,0,0,2,0.07142857142857142,0,0,2,0,2,0,0,0,0,2,0,2,0,0,4,2,6,12,10,14,0.5,4,4,10,12,14,16,0.5,0.5714285714285714
1197887,The Dean Reno,A1,575,1,1,2320,2377.5,4755,1,0,1,1,-1,1,0,0,0,0,0,0,0,0,1,0,0,0,1,1,0,0,0,0,0,0,0,1,1,0,0,1,1,1,1,2,0,0,1,2,1,2
1197887,The Dean Reno,B1,375,2,2,1926.6842105263158,1253.8947368421052,47648,36,0,36,35,-2,0.7222222222222223,1,1,0,1,1,2,0.05555555555555555,0,1,0,0,0,1,0.027777777777777776,3,0,0,0,3,0,0,3,16,5,19,8,35,0.9722222222222222,7,18,5,20,12,38,0.3333333333333333,1.0555555555555556
1197887,The Dean Reno,B2,430,2,2,1150.1666666666667,1364.8666666666666,40946,34,0,34,33,4,0.2647058823529411,0,1,1,1,1,2,0.058823529411764705,0,0,0,0,0,0,0,2,0,0,0,2,0,0,8,10,10,18,18,28,0.8235294117647058,10,11,11,19,21,30,0.6176470588235294,0.8823529411764706
1197887,The Dean Reno,C1,366,3,3,1365,1480,2960,3,0,3,2,1,0.3333333333333333,0,0,0,0,0,0,0,0,0,0,0,0,0,0,0,0,0,0,0,0,0,0,0,1,2,1,2,0.6666666666666666,0,0,1,2,1,2,0.3333333333333333,0.6666666666666666
1197887,The Dean Reno,D1,313,4,4,886.5254237288135,959.1355932203389,113178,180,0,180,156,62,0.4222222222222222,10,14,3,3,13,17,0.09444444444444444,6,15,0,0,6,15,0.08333333333333333,4,3,1,0,5,3,0.016666666666666666,9,51,9,32,18,83,0.46111111111111114,29,83,13,35,42,118,0.23333333333333334,0.6555555555555556
1197887,The Dean Reno,D2,312,4,4,959.3877551020408,1004.2857142857143,49210,140,0,140,115,91,0.1714285714285714,1,3,1,2,2,5,0.03571428571428571,2,2,0,0,2,2,0.014285714285714285,8,0,0,1,8,1,0.007142857142857143,8,7,5,34,13,41,0.29285714285714287,19,12,6,37,25,49,0.17857142857142858,0.35
1197887,The Dean Reno,D3,314,4,4,890.2631578947369,981.3157894736842,18645,64,0,64,47,45,0.078125,0,2,1,0,1,2,0.03125,3,2,0,0,3,2,0.03125,1,0,0,0,1,0,0,3,7,6,8,9,15,0.234375,7,11,7,8,14,19,0.21875,0.296875
1197887,The Dean Reno,D4,283,4,4,852.0833333333334,983.5416666666666,23605,45,0,45,26,21,0.4222222222222222,0,1,0,2,0,3,0.06666666666666667,0,0,0,0,0,0,0,1,0,0,0,1,0,0,4,2,0,19,4,21,0.4666666666666667,5,3,0,21,5,24,0.1111111111111111,0.5333333333333333
1197887,The Dean Reno,D5,285,4,3,871.3888888888889,911.9444444444445,16415,36,0,36,31,18,0.19444444444444442,0,2,0,0,0,2,0.05555555555555555,0,0,0,0,0,0,0,2,0,0,0,2,0,0,0,11,9,5,9,16,0.4444444444444444,2,13,9,5,11,18,0.3055555555555556,0.5
1197887,The Dean Reno,E1,277,5,3,891.1666666666666,904.6666666666666,27140,90,0,90,74,60,0.055555555555555525,1,0,1,3,2,3,0.03333333333333333,1,0,0,0,1,0,0,3,0,0,0,3,0,0,10,10,9,17,19,27,0.3,15,10,10,20,25,30,0.2777777777777778,0.3333333333333333
1197887,The Dean Reno,E1 Alt,277,5,3,780.9090909090909,948.6363636363636,10435,45,0,45,32,34,0.08888888888888888,0,0,0,1,0,1,0.022222222222222223,0,0,0,0,0,0,0,4,0,0,0,4,0,0,3,1,0,9,3,10,0.2222222222222222,7,1,0,10,7,11,0.15555555555555556,0.24444444444444444
1197887,The Dean Reno,E2,252,5,3,877.7083333333334,853.5416666666666,20485,54,0,54,43,30,-0.14814814814814814,1,2,0,0,1,2,0.037037037037037035,2,3,0,0,2,3,0.05555555555555555,2,0,0,0,2,0,0,14,9,13,10,27,19,0.35185185185185186,19,14,13,10,32,24,0.5925925925925926,0.4444444444444444
1197887,The Dean Reno,E3,274,5,3,835,931.4285714285714,13040,45,0,45,41,31,0.13333333333333333,1,0,1,2,2,2,0.044444444444444446,1,0,0,0,1,0,0,0,0,0,0,0,0,0,2,10,3,2,5,12,0.26666666666666666,4,10,4,4,8,14,0.17777777777777778,0.3111111111111111
1197887,The Dean Reno,Not Selected,0,NA,NA,0,0,0,0,0,0,0,0,0,0,0,0,0,0,0,0,0,0,0,0,0,0,0,0,0,0,0,0,0,0,0,0,0,0,0,0,0,0,0,0,0,0,0,0,0
518046,The Rise at Northgate,A1,558.1111111111111,1,1,1894.3333333333333,1960,58800,36,0,36,36,6,-0.05555555555555547,0,0,0,0,0,0,0,0,0,0,0,0,0,0,1,0,0,1,1,1,0.027777777777777776,5,4,26,25,31,29,0.8055555555555556,6,4,26,26,32,30,0.8888888888888888,0.8333333333333334
518046,The Rise at Northgate,A2,543,1,1,1815,1910,3820,4,0,4,4,2,-0.5,0,0,0,0,0,0,0,0,0,0,0,0,0,0,0,0,0,0,0,0,0,3,0,1,2,4,2,0.5,3,0,1,2,4,2,1,0.5
518046,The Rise at Northgate,A3,800,1,1,2500,2600,2600,1,0,1,1,0,1,0,0,0,0,0,0,0,0,0,0,0,0,0,0,0,1,0,0,0,1,1,0,0,0,0,0,0,0,0,1,0,0,0,1,0,1
518046,The Rise at Northgate,B1,435.14285714285717,2,2,1181.547619047619,1322.142857142857,55530,42,0,42,42,0,0.09523809523809523,0,0,0,0,0,0,0,1,1,0,0,1,1,0.023809523809523808,0,0,0,0,0,0,0,10,21,27,20,37,41,0.9761904761904762,11,22,27,20,38,42,0.9047619047619048,1
518046,The Rise at Northgate,B2,500,2,2,1470,1542.5,6170,4,0,4,4,0,0.25,0,0,0,0,0,0,0,1,0,0,0,1,0,0,0,0,0,0,0,0,0,0,0,2,4,2,4,1,1,0,2,4,3,4,0.75,1
518046,The Rise at Northgate,B3,591,2,2,1440,1567.5,3135,2,0,2,2,0,0,0,0,0,0,0,0,0,0,0,0,0,0,0,0,0,0,0,0,0,0,0,0,0,2,2,2,2,1,0,0,2,2,2,2,1,1
518046,The Rise at Northgate,C1,400,3,4,1215,1322.5,2645,3,0,3,3,1,-0.33333333333333337,0,0,0,0,0,0,0,0,0,0,0,0,0,0,0,0,0,0,0,0,0,0,0,3,2,3,2,0.6666666666666666,0,0,3,2,3,2,1,0.6666666666666666
518046,The Rise at Northgate,D1,345.14285714285717,4,4,1095,1104.97311827957,205525,252,0,252,252,66,-0.11111111111111105,4,3,0,0,4,3,0.011904761904761904,14,2,2,0,16,2,0.007936507936507936,0,8,0,0,0,8,0.031746031746031744,67,65,127,108,194,173,0.6865079365079365,85,78,129,108,214,186,0.8492063492063492,0.7380952380952381
518046,The Rise at Northgate,D2,428,4,4,1100,1177.5,4710,4,0,4,4,0,0,0,0,0,0,0,0,0,0,0,0,0,0,0,0,0,0,0,0,0,0,0,2,1,2,3,4,4,1,2,1,2,3,4,4,1,1
518046,The Rise at Northgate,D3,347,4,4,1095.909090909091,1123.3333333333333,37070,40,0,40,40,7,0,0,0,0,0,0,0,0,3,1,1,0,4,1,0.025,2,2,0,0,2,2,0.05,7,17,20,13,27,30,0.75,12,20,21,13,33,33,0.825,0.825
518046,The Rise at Northgate,E1,300,5,5,986.6666666666666,1032.3333333333333,15485,15,0,15,15,0,0.06666666666666665,0,0,0,0,0,0,0,0,0,0,0,0,0,0,0,0,0,0,0,0,0,5,3,9,12,14,15,1,5,3,9,12,14,15,0.9333333333333333,1
518046,The Rise at Northgate,E2,300,5,5,925.3448275862069,1056.896551724138,30650,30,0,30,30,1,0.033333333333333326,0,0,0,0,0,0,0,0,0,0,0,0,0,0,0,0,0,0,0,0,0,7,9,21,20,28,29,0.9666666666666667,7,9,21,20,28,29,0.9333333333333333,0.9666666666666667
518046,The Rise at Northgate,E3,300,5,5,1003.3333333333334,1063.3333333333333,6380,5,0,5,5,-1,0.19999999999999996,0,0,0,0,0,0,0,0,1,0,0,0,1,0.2,0,0,0,0,0,0,0,1,4,4,1,5,5,1,1,5,4,1,5,6,1,1.2
518046,The Rise at Northgate,F1,350,6,6,891.6666666666666,941.6666666666666,5650,6,0,6,6,0,0.5,0,0,0,0,0,0,0,0,0,0,0,0,0,0,0,0,0,0,0,0,0,2,2,1,4,3,6,1,2,2,1,4,3,6,0.5,1
518046,The Rise at Northgate,Not Selected,0,NA,NA,0,0,0,0,0,0,0,0,0,0,0,0,0,0,0,0,0,0,0,0,0,0,0,0,0,0,0,0,0,0,0,0,0,0,0,0,0,0,0,0,0,0,0,0,0
518046,The Rise at Northgate,S1,450,1,1,1742.5,1760.25,35205,21,0,21,21,1,0.33333333333333326,0,0,0,0,0,0,0,0,0,0,0,0,0,0,0,1,0,0,0,1,0.047619047619047616,3,8,10,11,13,19,0.9047619047619048,3,9,10,11,13,20,0.6190476190476191,0.9523809523809523
1143679,Torre,A1,630,1,1,3000,2933.3333333333335,8800,3,0,3,3,0,0,0,0,0,0,0,0,0,0,0,0,0,0,0,0,1,0,0,0,1,0,0,1,1,1,2,2,3,1,2,1,1,2,3,3,1,1
1143679,Torre,A2,665,1,1,2680,2880,2880,1,0,1,1,0,0,0,0,0,0,0,0,0,0,0,0,0,0,0,0,0,0,0,0,0,0,0,0,0,1,1,1,1,1,0,0,1,1,1,1,1,1
1143679,Torre,B1,394,2,2,1820,1820,3640,2,0,2,2,0,0,0,1,0,0,0,1,0.5,0,0,0,0,0,0,0,0,0,0,0,0,0,0,2,1,0,0,2,1,0.5,2,2,0,0,2,2,1,1
1143679,Torre,B2,424,2,2,1850,1820,3640,10,0,10,9,8,-0.49999999999999994,0,0,0,0,0,0,0,0,0,0,0,0,0,0,0,0,0,0,0,0,0,6,1,1,1,7,2,0.2,6,1,1,1,7,2,0.7,0.2
1143679,Torre,B3,420,2,2,1925,2037.5,8150,4,0,4,3,0,0.25,0,0,0,0,0,0,0,0,0,0,0,0,0,0,0,0,0,0,0,0,0,2,1,1,3,3,4,1,2,1,1,3,3,4,0.75,1
1143679,Torre,B4,461,2,2,2000,2100,4200,2,0,2,2,0,0,0,0,0,0,0,0,0,0,0,0,0,0,0,0,0,0,0,0,0,0,0,1,0,1,2,2,2,1,1,0,1,2,2,2,1,1
1143679,Torre,B5 - SHARED,229,2,2,991.9444444444445,951.9444444444445,17135,44,0,44,43,26,-0.15909090909090912,0,1,0,2,0,3,0.06818181818181818,3,0,0,0,3,0,0,2,0,0,0,2,0,0,12,5,8,10,20,15,0.3409090909090909,17,6,8,12,25,18,0.5681818181818182,0.4090909090909091
1143679,Torre,B5.2 DELUXE,229,2,2,1900,880,3520,12,0,12,6,8,0.3333333333333333,0,0,0,0,0,0,0,0,0,0,0,0,0,0,0,0,0,0,0,0,0,0,4,0,0,0,4,0.3333333333333333,0,4,0,0,0,4,0,0.3333333333333333
1143679,Torre,B6 DELUXE,227,2,2,2025,1002.5,8020,36,0,36,30,28,-0.02777777777777779,0,0,0,0,0,0,0,0,0,0,2,0,2,0.05555555555555555,4,0,0,0,4,0,0,0,4,5,2,5,6,0.16666666666666666,4,4,5,4,9,8,0.25,0.2222222222222222
1143679,Torre,B7 - SEMI-SHARED,318,2,2,960,863.75,6910,12,0,12,8,4,0,0,0,0,0,0,0,0,0,0,0,0,0,0,0,0,0,0,0,0,0,0,8,1,0,7,8,8,0.6666666666666666,8,1,0,7,8,8,0.6666666666666666,0.6666666666666666
1143679,Torre,B8 DELUXE,246,2,2,1760,880,3520,28,0,28,18,24,-0.07142857142857142,0,2,0,0,0,2,0.07142857142857142,0,0,0,0,0,0,0,2,2,0,0,2,2,0.07142857142857142,2,0,2,0,4,0,0,4,4,2,0,6,4,0.21428571428571427,0.14285714285714285
1143679,Torre,B9 - SHARED,240,2,2,733.4782608695652,893.0434782608696,20540,24,0,24,24,1,0.125,0,0,0,0,0,0,0,1,0,0,0,1,0,0,1,0,0,0,1,0,0,13,13,5,10,18,23,0.9583333333333334,15,13,5,10,20,23,0.8333333333333334,0.9583333333333334
1143679,Torre,C1,328,3,3,1610,1615,1615,3,0,3,3,2,-0.6666666666666667,0,0,0,0,0,0,0,0,0,0,0,0,0,0,0,0,0,0,0,0,0,2,0,1,1,3,1,0.3333333333333333,2,0,1,1,3,1,1,0.3333333333333333
1143679,Torre,C2 - SEMI-SHARED,266,3,3,1580,1215,1215,16,0,16,11,15,-0.0625,0,0,0,0,0,0,0,0,0,0,0,0,0,0,0,0,0,0,0,0,0,2,0,0,1,2,1,0.0625,2,0,0,1,2,1,0.125,0.0625
1143679,Torre,C3,391,3,3,1655,1725.5263157894738,32785,21,0,21,21,2,0,0,0,0,0,0,0,0,0,0,0,0,0,0,0,1,0,0,0,1,0,0,11,9,7,10,18,19,0.9047619047619048,12,9,7,10,19,19,0.9047619047619048,0.9047619047619048
1143679,Torre,D1,286,4,4,0,0,0,28,0,28,21,28,-0.21428571428571427,0,0,0,0,0,0,0,0,0,0,0,0,0,0,0,0,0,0,0,0,0,4,0,2,0,6,0,0,4,0,2,0,6,0,0.21428571428571427,0
1143679,Torre,D2 - SEMI-SHARED,287,4,4,1355,1535,3070,5,0,5,4,3,-0.19999999999999996,0,1,0,0,0,1,0.2,0,0,0,0,0,0,0,0,0,0,0,0,0,0,3,1,0,0,3,1,0.2,3,2,0,0,3,2,0.6,0.4
1143679,Torre,D3 - SEMI-SHARED,248,4,4,1715,1270,1270,12,0,12,9,11,0,0,1,0,0,0,1,0.08333333333333333,0,0,0,0,0,0,0,0,0,0,0,0,0,0,0,0,1,0,1,0,0,0,1,1,0,1,1,0.08333333333333333,0.08333333333333333
1143679,Torre,D4 - SEMI-SHARED,288,4,4,0,0,0,12,0,12,10,12,0,0,0,0,0,0,0,0,0,0,0,0,0,0,0,0,0,0,0,0,0,0,0,0,0,0,0,0,0,0,0,0,0,0,0,0,0
1143679,Torre,Not Selected,0,NA,NA,0,0,0,0,0,0,0,0,0,0,0,0,0,0,0,0,0,0,0,0,0,0,0,0,0,0,0,0,0,0,0,0,0,0,0,0,0,0,0,0,0,0,0,0,0
1143679,Torre,S1,330,0,1,0,1386,1386,1,0,1,1,0,0,0,0,0,0,0,0,0,0,0,0,0,0,0,0,0,0,0,0,0,0,0,0,0,1,1,1,1,1,0,0,1,1,1,1,1,1
1143679,Torre,S2,397,0,1,1101.2857142857142,1259.9285714285713,17639,14,0,14,14,0,0.1428571428571429,0,0,0,0,0,0,0,0,0,0,0,0,0,0,0,0,0,0,0,0,0,4,1,8,13,12,14,1,4,1,8,13,12,14,0.8571428571428571,1
1143679,Torre,TH - C1,499,3,3,1535,1570.6,7853,6,0,6,6,1,0.5,0,0,0,0,0,0,0,0,0,0,0,0,0,0,0,0,0,0,0,0,0,0,3,2,2,2,5,0.8333333333333334,0,3,2,2,2,5,0.3333333333333333,0.8333333333333334
1143679,Torre,TH - C2,384,3,3,1535,1520.6,7603,6,0,6,5,1,0,0,0,0,0,0,0,0,1,0,0,0,1,0,0,0,0,0,0,0,0,0,0,3,4,2,4,5,0.8333333333333334,1,3,4,2,5,5,0.8333333333333334,0.8333333333333334
1143679,Torre,TH - C3,395,3,3,1750,1916.6666666666667,5750,3,0,3,3,0,1,0,0,0,0,0,0,0,0,0,0,0,0,0,0,0,0,0,0,0,0,0,0,3,0,0,0,3,1,0,3,0,0,0,3,0,1
1143679,Torre,TH - C3.1,395,3,3,3500,1916.6666666666667,5750,3,0,3,3,0,0,0,0,0,0,0,0,0,0,0,0,0,0,0,0,0,0,0,0,0,0,0,0,3,3,0,3,3,1,0,3,3,0,3,3,1,1
1143679,Torre,TH - C4,401,3,3,1535,1515.3636363636363,16669,12,0,12,12,1,0.41666666666666663,0,1,0,0,0,1,0.08333333333333333,0,1,0,0,0,1,0.08333333333333333,0,0,0,0,0,0,0,5,2,1,7,6,9,0.75,5,4,1,7,6,11,0.5,0.9166666666666666
1143679,Torre,TH - D1,352,4,4,1523.5185185185185,1540.3703703703704,83180,56,0,56,55,2,0.1964285714285714,1,0,0,0,1,0,0,2,2,0,0,2,2,0.03571428571428571,2,0,0,0,2,0,0,31,31,7,21,38,52,0.9285714285714286,36,33,7,21,43,54,0.7678571428571429,0.9642857142857143
1143679,Torre,TH - D1.2,363,4,4,1150.4347826086957,1504,34592,32,0,32,32,9,0,0,0,0,0,0,0,0,0,0,0,0,0,0,0,2,0,1,0,3,0,0,13,5,7,18,20,23,0.71875,15,5,8,18,23,23,0.71875,0.71875
1143679,Torre,TH - D2,417,4,4,1487.142857142857,1588.4285714285713,11119,8,0,8,8,1,0,0,0,0,0,0,0,0,0,0,0,0,0,0,0,0,0,0,0,0,0,0,2,2,5,5,7,7,0.875,2,2,5,5,7,7,0.875,0.875
1143679,Torre,TH - D3,409,4,4,757.5,1495,5980,4,0,4,4,0,0,0,0,0,0,0,0,0,0,0,0,0,0,0,0,0,0,0,0,0,0,0,0,2,4,2,4,4,1,0,2,4,2,4,4,1,1
1143679,Torre,TH - D4 - SEMI-SHARED,335,4,4,780.625,1372.5,10980,10,0,10,10,2,-0.19999999999999996,0,0,0,1,0,1,0.1,0,0,0,0,0,0,0,0,0,0,0,0,0,0,10,4,0,3,10,7,0.7,10,4,0,4,10,8,1,0.8
1143679,Torre,TH - D5,431.5,4,4,1211.5625,1478.0625,23649,16,0,16,16,0,0.0625,0,0,0,0,0,0,0,1,0,0,0,1,0,0,0,0,0,0,0,0,0,6,6,8,10,14,16,1,7,6,8,10,15,16,0.9375,1
1143679,Torre,TH - D6 - SEMI-SHARED,350,4,4,1217.0833333333333,1404.3333333333333,16852,15,0,15,12,3,0,0,0,0,0,0,0,0,0,0,0,0,0,0,0,0,0,0,0,0,0,0,4,3,8,9,12,12,0.8,4,3,8,9,12,12,0.8,0.8
1143679,Torre,TH - D8 - SEMI-SHARED,301,4,4,1595,0,0,6,0,6,6,0,0.16666666666666663,0,0,0,0,0,0,0,0,0,0,0,0,0,0,0,0,0,0,0,0,0,1,0,4,6,5,6,1,1,0,4,6,5,6,0.8333333333333334,1
1143679,Torre,TH - D9,375,5,5,1487.5,1491.0714285714287,20875,15,0,15,15,1,0,0,1,0,0,0,1,0.06666666666666667,0,0,0,0,0,0,0,0,0,0,0,0,0,0,10,8,4,5,14,13,0.8666666666666667,10,9,4,5,14,14,0.9333333333333333,0.9333333333333333
1143679,Torre,TH - E1,360,5,5,1480,1545.5555555555557,13910,10,0,10,10,1,0,0,0,0,0,0,0,0,1,0,0,0,1,0,0,0,0,0,0,0,0,0,8,6,0,3,8,9,0.9,9,6,0,3,9,9,0.9,0.9
1143679,Torre,TH - F1,370,6,6,1536.4285714285713,1546.142857142857,10823,18,0,18,18,11,-0.3333333333333333,0,1,0,0,0,1,0.05555555555555555,0,0,0,0,0,0,0,0,0,0,0,0,0,0,10,3,3,3,13,6,0.3333333333333333,10,4,3,3,13,7,0.7222222222222222,0.3888888888888889
1143679,Torre,TH - F2,388,6,6,1655,1655,9930,6,0,6,6,0,0,0,0,0,0,0,0,0,0,0,0,0,0,0,0,0,0,0,0,0,0,0,6,6,0,0,6,6,1,6,6,0,0,6,6,1,1
1143679,Torre,TH - F3,401,6,6,1555,1599,1599,6,0,6,4,5,-0.5,0,0,0,0,0,0,0,0,0,0,0,0,0,0,0,0,0,0,0,0,0,4,0,0,1,4,1,0.16666666666666666,4,0,0,1,4,1,0.6666666666666666,0.16666666666666666
1143679,Torre,TH - F4,419,6,6,1510.6666666666667,1485.1333333333334,22277,18,0,18,16,3,0.05555555555555558,0,0,0,0,0,0,0,0,0,0,0,0,0,0,0,0,0,0,0,0,0,14,12,0,3,14,15,0.8333333333333334,14,12,0,3,14,15,0.7777777777777778,0.8333333333333334
1143679,Torre,TH - F5,429,6,6,1491.3333333333333,1659,24885,18,0,18,16,3,0.11111111111111116,0,0,0,0,0,0,0,0,1,0,0,0,1,0.05555555555555555,1,0,0,0,1,0,0,8,12,4,2,12,14,0.7777777777777778,9,13,4,2,13,15,0.7222222222222222,0.8333333333333334
1311849,Venue at North Campus,A,455,0,1,1749,1805,3610,6,0,6,6,4,0.16666666666666666,0,0,0,0,0,0,0,0,0,0,0,0,0,0,0,0,0,0,0,0,0,0,0,1,2,1,2,0.3333333333333333,0,0,1,2,1,2,0.16666666666666666,0.3333333333333333
1311849,Venue at North Campus,B,205,2,2,1200,1268.392857142857,35515,96,0,96,91,68,-0.03125,2,0,2,1,4,1,0.010416666666666666,4,1,2,0,6,1,0.010416666666666666,1,0,1,0,2,0,0,4,0,15,26,19,26,0.2708333333333333,11,1,20,27,31,28,0.3229166666666667,0.2916666666666667
1311849,Venue at North Campus,D1,83.671875,4,4,975.2325581395348,1064.2790697674418,45764,256,0,256,217,213,-0.2265625,3,2,4,3,7,5,0.01953125,5,0,1,0,6,0,0,6,0,1,0,7,0,0,36,11,45,27,81,38,0.1484375,50,13,51,30,101,43,0.39453125,0.16796875
1311849,Venue at North Campus,D2,91,4,4,995,1083.5714285714287,7585,64,0,64,50,57,-0.125,0,0,0,0,0,0,0,3,0,0,0,3,0,0,2,0,0,0,2,0,0,4,0,6,7,10,7,0.109375,9,0,6,7,15,7,0.234375,0.109375
1311849,Venue at North Campus,D3,88,4,4,985,1065.0285714285715,37276,192,0,192,150,157,-0.03645833333333334,0,0,4,0,4,0,0,2,1,3,0,5,1,0.005208333333333333,4,0,1,0,5,0,0,7,5,21,29,28,34,0.17708333333333334,13,6,29,29,42,35,0.21875,0.18229166666666666
1311849,Venue at North Campus,E,82,5,5.5,990.421052631579,1091.2631578947369,103670,120,0,120,116,25,0.08333333333333326,3,2,4,5,7,7,0.058333333333333334,2,5,1,0,3,5,0.041666666666666664,9,1,0,0,9,1,0.008333333333333333,42,35,24,47,66,82,0.6833333333333333,56,43,29,52,85,95,0.7083333333333334,0.7916666666666666
1311849,Venue at North Campus,Not Selected,0,NA,NA,0,0,0,0,0,0,0,0,0,0,0,0,0,0,0,0,0,0,0,0,0,0,0,0,0,0,0,0,0,0,0,0,0,0,0,0,0,0,0,0,0,0,0,0,0
